head_event	relation	tail_event
湿性的黄斑变性	X-Y	视物变形
睫状肌的调节作用	X-Y	屈光力增加
串珠子训练	uncorrelated	散光
盘状角膜炎	X-Y	流泪
注意眼部卫生和保护工作	Accelerator	恢复
慢性的沙眼	X-Y	手术治疗
小儿角膜炎	X-Y	由于细菌、病毒、真菌、立克次体及阿米巴原虫等感染引起
反复发作的病人	Accelerator	免疫抑制剂
视网膜浅脱离	X-Y	视网膜激光光凝术
急性期	Accelerator	睫状肌麻痹剂
过敏性结膜	X-Y	控制揉眼的冲动
糖尿病视网膜病变	X-Y	注意饮食的控制
玻璃体积血不吸收、增殖、牵拉	Accelerator	同时进行视网膜光凝
发生于周边部	Accelerator	视网膜激光光凝术
视网膜血管堵塞	X-Y	某一个区域眼前黑影视野缺损
阅读困难	Accelerator	佩戴花镜
散光	X-Y	制定最准确的方案
伴有眼部胀痛	Accelerator	眼内炎
不及时处理	Accelerator	引起严重并发症
40岁以后	Accelerator	下降
血糖控制好	Accelerator	眼底病变的发展就会减缓
消除眼睛肿	X-Y	枕头不要太高
角膜炎	X-Y	早选取敏感的抗生素药物
结膜血管瘤	X-Y	观察
散光	X-Y	角膜塑形镜
眼底出血	Accelerator	视野的恢复也是比较困难
视物模糊	X-Y	及早到正规医院做相关检查
配戴老花镜	X-Y	初步确定近用度数
早期	Accelerator	卵磷脂络合碘片
眼底出血	X-Y	药物治疗
散光	X-Y	验光后佩戴框架镜矫正
散光加近视	X-Y	佩戴隐形眼镜
气体	X-Y	结膜代偿性的充血
视网膜脱落	X-Y	玻璃体切割手术联合视网膜脱离复位
眼生理性调节功能下降	Accelerator	老花眼
角膜炎	X-Y	边缘性角膜炎
老花眼	X-Y	体育锻炼
眼压升高	X-Y	青光眼
年龄比较小	Accelerator	不愿意睁眼
视网膜的静脉阻塞	X-Y	新生血管
老花眼	X-Y	延缓花眼的进展
病毒感染	Accelerator	抗病毒的药物
干性的黄斑变性	X-Y	视网膜下脂质物的沉积
小孩散光	X-Y	到正规医院做检查
角膜炎	X-Y	非甾体消炎药物
眼底血管样条纹	X-Y	激光治疗
改善不良习惯	Accelerator	减少复发
眼底病变在3级或4级以上	Accelerator	激光治疗
散光的轴位	Accelerator	制定最准确的方案
睫状肌长时间的收缩、痉挛，会形成牵拉	Accelerator	有近视的散光
眼底出血	X-Y	针对原发病根源进行治疗
伴有眼部胀痛	Accelerator	葡萄膜炎
丝状角膜炎	X-Y	暂停药物的使用
眼睛视力下降的原因	X-Y	急性闭角型青光眼
免疫力低下	Accelerator	全身的抗菌和抗病毒的治疗
细菌性角膜炎	X-Y	眼睛变得肿胀
沙眼	X-Y	耳前淋巴结肿大
角膜炎	X-Y	选取合理的药物控制炎症
外伤	Accelerator	手术治疗
严重的情况	Accelerator	角膜炎
散光	X-Y	人工晶体植入手术
睫状肌功能逐渐降低	Accelerator	老花眼
早期	Accelerator	戒烟
经常看近距离的时间过久	X-Y	假性度数形成
病毒性角膜炎	X-Y	更昔洛韦
雌激素水平会有所改变	Accelerator	眼睛肿胀
急性沙眼感染	X-Y	不留后遗症
视网膜血管堵塞	X-Y	活血化瘀的药物
熬夜	Accelerator	睑板腺功能障碍
幼儿	Accelerator	不留后遗症
积极的治疗	Accelerator	视力重新恢复
结膜下出血	X-Y	无需特殊治疗
四期到五期	Accelerator	玻璃体切割手术治疗
病情稳定	Accelerator	考虑出院
比较严重的时候	Accelerator	角膜移植术
凸透镜	X-Y	矫正远视和老花眼
早期	Accelerator	叶黄素
细菌感染	Accelerator	泪液分泌异常
看近视清晰	X-Y	散光
角膜炎	X-Y	角膜溃疡
麦粒肿	X-Y	红霉素眼膏
散光	X-Y	术后发生眩光
孩子老是眨眼睛	X-Y	小牛血去蛋白提取物眼用凝胶
慢性期	Accelerator	乳头及滤泡增生
到正规医院	Accelerator	明确具体散光类型以及散光度数
根据正确病因选择合理药物	Accelerator	完全治愈
色弱	X-Y	颜色辨别能力较弱
严重	Accelerator	黄斑出血
时间长了	Accelerator	结膜炎症反应
药物控制效果不好	Accelerator	角膜溃疡
糖尿病性视网膜病变	X-Y	眼底出血可能就不发生或出现的晚
老花眼	X-Y	头痛、头晕
手揉眼睛	X-Y	结膜下出血
泪囊炎	X-Y	泪道冲洗
结膜炎	X-Y	非甾体消炎药物
白塞病性葡萄膜炎	X-Y	英夫利西单抗
观看手机或者做其他工作	Accelerator	引起角膜炎
强光下活动	Accelerator	戴遮光眼镜
高度近视	X-Y	避免剧烈的运动
确诊	Accelerator	及时治疗
盘状角膜炎	X-Y	畏光
泪囊炎	X-Y	局部抗炎
眼睛花、头痛	X-Y	保持情绪稳定
泪囊阻塞	Accelerator	细菌滋生
闭目养神	Accelerator	缓解老花眼所引起的视物模糊、视力疲劳
配戴有点晕	Accelerator	适当降低25-50度左右的散光
全色盲	X-Y	对于亮度极为敏感
治疗的积极性	Accelerator	治愈的时间
孔源性视网膜脱离	X-Y	及时去医院检查
不存在眼底疾病等其他的影响视力的疾病	Accelerator	手术以后视觉质量通常都非常好的
暴露性角膜炎	X-Y	先治疗原因
眼睛看东西模糊	X-Y	青光眼
儿童散光	X-Y	佩戴眼镜
黄斑部位有出血	X-Y	有一个大黑点
泪囊炎	X-Y	细菌感染
老视	X-Y	近距离阅读模糊会更为明显
散光	X-Y	严不严重
急性期	Accelerator	快速地控制眼部的炎症
没有得到及时的矫正	Accelerator	影响双眼立体视觉功能的发育
无痛性视力突然下降	Accelerator	玻璃体积血
散光	X-Y	晶体源性散光
玻璃体后脱离	X-Y	及早处理
邻近组织的炎症	X-Y	角膜炎
眼睛下面有红点	X-Y	皮下出血点
早期	Accelerator	逐渐治愈
视网膜浅脱离	X-Y	及早行手术治疗
散光的度数	Accelerator	恢复良好的视觉质量
消除眼睛肿	X-Y	冷毛巾在眼睛周围贴敷30分钟
度数出现非常明显的加重	Accelerator	考虑有没有圆锥角膜的可能性
严重的并发症	Accelerator	行激光治疗
隐形眼镜	X-Y	角膜不断变薄
消除眼睛肿	X-Y	不要在睡前看手机和电脑
眼底出血	X-Y	不需要特殊处理
角膜病变产生角膜弯曲度不同	Accelerator	有些是不可以治疗
神经麻痹	X-Y	眼睑痉挛
高度近视	X-Y	周边视网膜变性
眼睛红	X-Y	等待血自然吸收
早期	Accelerator	复方血栓通胶囊
脱离时间比较短	Accelerator	视网膜脱离
眼睛视力下降的原因	X-Y	过度疲劳
高度近视	X-Y	视网膜裂孔的形成
抵抗力降低	Accelerator	病毒感染
根据患者的要求和经济状况	Accelerator	配渐进多焦点老花镜
糖尿病视网膜病变	X-Y	视物变形
红霉素眼药膏	X-Y	角膜炎
玻璃膜疣	X-Y	控制血压
角膜炎	X-Y	逐渐治愈
散光	X-Y	视物重影
眼睛充血比较明显	Accelerator	病毒性结膜炎
睑板腺功能障碍	X-Y	多吃新鲜的蔬菜、水果
老花眼	X-Y	发生的会更早一些
视网膜色素上皮病变	X-Y	及早手术治疗
配戴或者摘取美瞳及隐形眼镜时没有洗干净手	Accelerator	感染性因素
角膜炎	X-Y	修复起来会比较慢
串珠子训练	X-Y	远视
沙眼	X-Y	异物感
红点在下眼睑	Accelerator	皮下出血点
混合性散光	X-Y	适当降低两眼度数的差别
老花眼	X-Y	老花眼眼镜的验配
泪道阻塞	X-Y	泪囊炎
屈光状态改变	X-Y	角膜形态不规则
老花眼	X-Y	看远看不清
散光150度	X-Y	需要将散光配足
先天发育的问题	X-Y	视网变性
局部炎症	X-Y	抗感染
夜间看点状光源时四周出现发散状光晕	X-Y	散光
老视的症状	X-Y	视近不能持久
眼睛红	X-Y	血细胞进入到玻璃体腔
急性泪腺炎	X-Y	泪腺区疼痛
糖尿病视网膜病变	X-Y	眼底的激光治疗
眼底血管样条纹	X-Y	视物变形
角膜炎	X-Y	时间有可能会持续数月之久
圆锥角膜	X-Y	可能形成角膜穿孔
下眼皮肿胀、疼痛	X-Y	睑缘炎
散光	X-Y	激光手术治疗
电光性眼炎	X-Y	流泪
视网膜病变	X-Y	裂隙灯的检查
视网膜分支静脉阻塞	X-Y	眼内注药
视力明显的下降	Accelerator	及早完善眼底检查
揉眼睛	X-Y	结膜代偿性的充血
细菌感染	X-Y	角膜炎
超高度近视	X-Y	一定会出现高度近视性的眼底病变
四岁的儿童	Accelerator	视力非常明显的下降
轻度患者	Accelerator	可能完全没有症状
严重	Accelerator	眼睛的剧痛
急性期	Accelerator	结膜下、球旁或Tenon囊下注射激素
近视	X-Y	及早配戴眼镜
泪囊炎	X-Y	下眼睑肿胀、疼痛
散瞳	X-Y	看近物不清楚
范围小，呈现点状	Accelerator	外伤或者全身性疾病
角膜基质炎	X-Y	配戴深色眼镜
患有糖尿病等慢性消耗性疾病的患者	Accelerator	睑腺炎
流行性出血性结膜炎	X-Y	分泌物
盲目使用药物	Accelerator	病情加重
严重	Accelerator	结膜水肿
不规则散光	Accelerator	有些是不可以治疗
高度近视	X-Y	眼底视网膜脱落、视网膜裂孔的形成
浸润区域出现了瘢痕增生	Accelerator	角膜斑翳
积血不能吸收	Accelerator	手术治疗
眼底血管样条纹	X-Y	玻璃体腔内注射抗血管内皮细胞生长因子治疗
眼底病变	X-Y	活血通络的药物
角膜炎	X-Y	戴隐形眼镜
眼底的大出血	Accelerator	手术
老花眼	X-Y	配戴老花镜
代偿性的充血	X-Y	补充人工泪液的眼药水滋润眼睛
混合性散光	X-Y	原则上充分矫正
丝状角膜炎	X-Y	畏光
感染因素	X-Y	眼睛充血
散光	X-Y	飞秒激光手术
眼睛看东西模糊	X-Y	白内障
出血的部位出现明显的缺血状态	Accelerator	视野的恢复也是比较困难
确定病因	Accelerator	选择合理的治疗方案
高血压或者糖尿病等引起的视网膜病变	X-Y	原发病进行积极治疗
斜轴散光	Accelerator	头部倾斜
经过合理的用眼习惯	Accelerator	症状是可以很快恢复正常
眼部手术后遗留的后遗症	X-Y	干眼症
青光眼	X-Y	角膜雾状水肿
糖尿病视网膜病变	X-Y	眼前的黑影
视网膜新生血管	X-Y	视网膜出血
老花	X-Y	多做眼保健操
角膜炎	X-Y	完全治愈
近视激光手术原则	X-Y	散光度数在2年内没有明显增长
或多或少都有一点散光	Accelerator	长轴的方向则称之为散光的轴向
自行购买药物	Accelerator	病情耽误或者加重
孩子老是眨眼睛	X-Y	热敷
不用药水	Accelerator	形成大脓包
根本无法找到眼药水	Accelerator	母乳
儿童阶段	Accelerator	假性度数形成
老年性黄斑变性	X-Y	眼底出血
眼睛充血	X-Y	多补充维生素类的食品
药物控制	Accelerator	逐渐治愈
局部结膜下小毛细血管扩张出血	X-Y	球结膜下出血
病毒性角膜炎	X-Y	结膜充血
尽量减少使用电脑、手机这类电子产品的时间	X-Y	预防近视的发生、发展
儿童散光	X-Y	无法矫正
配戴老花眼镜	Accelerator	100-200元左右
病理性的散光	X-Y	度数会渐进性升高
早期	Accelerator	视网膜裂孔
散光	X-Y	角膜移植术
没有伴随视网膜脱离	Accelerator	视网膜激光光凝术
在视网膜的中心部位	Accelerator	看东西变形
血管扩张药	Inhibitor	促进疾病的恢复
压痛、触痛明显	Accelerator	睑皮炎
角膜炎	X-Y	早发现、早处理
沙眼	X-Y	角膜缘血管翳
沙眼	X-Y	异物感
栓子堵塞了动脉	X-Y	立刻会出现视网膜的缺血、缺氧改变
晶体的调节力	X-Y	非常强
干眼症	X-Y	及早的通过药物干预缓解症状
中心暗点	Accelerator	光动力疗法
避免剧烈运动	X-Y	严重并发症
激素类的眼药水	Accelerator	妥布霉素地塞米松滴眼剂
眼底出血	X-Y	抗VEGF药物
逐步发展	Accelerator	到正规医院做检查
眼睛局部病变	X-Y	眼底出血
晶状体不规则混浊	X-Y	不规则散光
糖尿病视网膜病变	X-Y	同时进行视网膜光凝
弹性就逐渐减弱	Accelerator	老花眼
眼底出血	X-Y	手术治疗
经常热敷	Accelerator	逐渐痊愈
视力下降	X-Y	及早到正规医院做相关检查
时间久	Accelerator	眼部疲劳
盘状角膜炎	X-Y	病毒感染引起的自身免疫性反应
三焦点人工晶体	Accelerator	手术以后视觉质量通常都非常好的
达到手术指标	Inhibitor	保守治疗
高度散光	Accelerator	术后发生眩光
眼表的细菌感染	X-Y	睑板腺的化脓性炎症
老花眼	X-Y	补充硒元素或者含硒的食品
晶体的调节力	X-Y	下降
视网膜的浅脱离	X-Y	完善眼底检查
沙眼	X-Y	烧灼感
小儿角膜炎	X-Y	不愿意睁眼
角膜炎	X-Y	角膜斑翳
治疗办法	Accelerator	施于巩膜的老视矫正手术
度数	Accelerator	具体的价格
流行性出血性结膜炎	X-Y	抗病毒与抗生素眼液交替使用
心情紧张	Accelerator	眼睑痉挛
严重	Accelerator	全身应用抗生素
多吃富含维生素和蛋白质的食物	Accelerator	缓解眼睛的衰老
怎么治疗	Accelerator	佩戴框架眼镜
小孩子有4.2的视力	X-Y	进行弱视训练和弱视治疗
年龄50岁	X-Y	生理性的远视度数大约在100-125度左右
凸透镜	X-Y	聚光
角膜炎	X-Y	角膜云翳
巩膜环扎术	X-Y	视网膜脱离
框架眼镜	Accelerator	很难保证清晰的视觉质量和相对正常的视野
激素类的眼药水	Accelerator	醋酸泼尼松龙滴眼剂
浸润区域出现了瘢痕增生	Accelerator	角膜云翳
睑板腺功能异常	X-Y	畏光
玻璃体切割手术	Accelerator	费用大概在20000-30000元之间
角膜炎	X-Y	视力障碍
角膜炎	X-Y	角膜穿孔
治疗办法	Accelerator	老视屈光手术
散光	X-Y	角膜绷带镜
儿童的年龄超过八岁	Accelerator	优先选择角膜接触镜
度数较大	Accelerator	验光后佩戴框架镜矫正
位于中央的光学区	Accelerator	视力下降会更加明显
散光	X-Y	恢复正常
高度近视	X-Y	带来的损害
根据患者的要求和经济状况	Accelerator	双光老花镜
严重	Accelerator	视力会下降到手动且不容易恢复
近视	X-Y	远视力一定会下降
摘了近视眼镜	Accelerator	可以看清近的东西
渐进性无痛性视力下降	Accelerator	屈光不正
孩子老是眨眼睛	X-Y	自体的血清
减少电子屏幕中蓝光对眼睛造成的损害	Accelerator	减少对眼睛造成损害
黄斑部位有出血	X-Y	看东西变形
视网膜手术	X-Y	术后感染
明确病因	Accelerator	选取合理的药物控制炎症
看东西很模糊	X-Y	及早到医院进行验光检查
幼儿	Accelerator	症状隐秘
视网膜中央静脉或分支静脉阻塞	X-Y	治疗原发病
滴眼药水及相关治疗	Accelerator	控制
老花眼	X-Y	施于晶状体的老视矫正手术
规则散光	X-Y	用柱镜矫正能获得较好的视力
散光	X-Y	适当降低25-50度左右的散光
细菌性鼻炎	X-Y	结膜炎
全身的原发病造成	Accelerator	治疗这些原发病
串珠子训练	X-Y	对于远视或者弱视这两种疾病是有治疗作用
老花眼	X-Y	配戴凸透镜
冷敷	uncorrelated	恢复
沙眼	X-Y	结膜充血减轻
流行性出血性结膜炎	X-Y	结膜下出血
外斜视	X-Y	手术矫正
颅内的疾病	X-Y	视野缺损
眼睛充血	X-Y	结膜炎的眼药水
出血	Accelerator	激光光凝术
黄斑水肿	Accelerator	眼内注射雷珠单抗注射液或者曲安奈德注射液
高度不对称的散光	Accelerator	斜颈
散光	X-Y	框架眼镜
急性期	Accelerator	睫状肌的麻痹剂
角膜炎恢复正常	X-Y	说明之前角膜炎症是比较严重
视网膜的静脉阻塞	X-Y	考虑眼睛注药来消水肿
出血量比较少	Accelerator	可能会恢复正常
全色盲	X-Y	暗适应比咱们正常人可能更敏感
视力不太好	Accelerator	散瞳验光
看东西非常模糊	X-Y	眼部疲劳
角膜炎	X-Y	角膜白斑
严重	Accelerator	视网膜脱离
角膜炎	X-Y	眼药水白天用
视野缺损	X-Y	神经外科进行进一步的诊治，必要的时候需要手术治疗
随着时间的延长	Accelerator	病情会越来越重
散光	X-Y	说明散光是由于晶状体的屈光状态异常导致
视网膜的浅脱离	X-Y	外路手术
急性沙眼感染	X-Y	症状隐秘
皮肤的血管瘤	X-Y	手术
小儿角膜炎	X-Y	怕光
将物体拿远	Accelerator	看清楚上面的字
眼睛比较好	Accelerator	发生的会更早一些
老花眼	X-Y	激光手术
结膜炎	X-Y	对视力没有任何影响
细菌性角膜炎	X-Y	选取广谱的抗生素药物
孔源性视网膜脱离	X-Y	造成的影响就越大
疲劳	Accelerator	眼睑痉挛
出血量越来越大	Accelerator	视力会严重下降直至失明
小孩子远视	X-Y	不配镜
视网膜静脉阻塞	X-Y	视网膜上大量的点片状出血
视网膜静脉栓塞	X-Y	视网膜出血
预防老花眼	X-Y	作息要有规律，避免熬夜，保证充足的睡眠
轻度的散光	X-Y	造成视力的下降
黄斑部位有出血	X-Y	看东西变大、变小
眼底出血	X-Y	在1-2周左右可以逐步恢复正常
糖尿病性视网膜病变	Accelerator	全视网膜激光光凝
角膜病变产生角膜弯曲度不同	Accelerator	角膜绷带镜
丧失在24小时之内恢复正常	Accelerator	视网膜动脉痉挛
老花眼	X-Y	到医院眼科做详细的检查
出血量很大的时候	Accelerator	眼部的B超
维生素A缺乏	X-Y	角膜软化
大量的眼部分泌物	Accelerator	术后感染
睑腺炎	X-Y	肿胀
通过鼻泪管进入结膜	Accelerator	结膜炎
超高度的近视	Accelerator	视力急剧的下降
缓解眼部的疲劳	Accelerator	萘敏维滴眼液
合并弱视	Accelerator	积极的弱视治疗和训练
眼睛视力下降的原因	X-Y	玻璃体积血
不愿意佩戴框架眼镜	Accelerator	角膜接触镜
虹膜新生血管	X-Y	前房出血
充血现象会比较重	Accelerator	细菌感染
散光	X-Y	疲劳症状加重
眼睛前面有小黑点或者条状飞絮	X-Y	玻璃体的退行性的变化
复杂的病例	Accelerator	玻璃体切割手术联合视网膜脱离复位
沙眼	X-Y	乳头增生
泪囊炎	X-Y	泪道探通
细菌性角膜炎	X-Y	避免受到撞击
儿童散光	X-Y	快速散瞳验光
老花眼	X-Y	远视力检查
散光	X-Y	没有办法预防
堵塞	Accelerator	泪道探通术
电光性眼炎	X-Y	局部麻醉
偏头疼	Accelerator	保持情绪稳定
不规则散光	X-Y	一般的柱镜无法矫正
两只眼睛的度数差别超过了200度	Accelerator	诊断为屈光参差
中心性浆液性脉络膜视网膜病变	X-Y	视物变暗、变形、变小、变远
角膜炎	X-Y	用药比较频
度数消失	Accelerator	晶体源性散光
眼睛看东西模糊	X-Y	视网膜静脉阻塞
有变化	Accelerator	及时做散瞳检查
角膜的防御能力减弱	Accelerator	角膜炎
眼睛视力下降的原因	X-Y	屈光不正
流行性出血性结膜炎	X-Y	刺痛
视网膜色素变性	X-Y	营养神经的药物
糖尿病视网膜病变	X-Y	视力丧失
术后感染	X-Y	及早治疗
白塞病葡萄膜炎	X-Y	眼前漂浮物
倒睫	X-Y	外观上眼睛发红
泪液质量异常，或者分布异常	X-Y	干眼症
光线有发散作用	Accelerator	矫正近视
飞蚊症	X-Y	近视眼
慢性期	Accelerator	结膜污秽增厚
轻度的干眼症	X-Y	症状是可以很快恢复正常
孩子老是眨眼睛	X-Y	聚乙二醇滴眼液
高度近视	X-Y	视力急剧的下降
视网膜脱落	X-Y	视网膜病变
沙眼	X-Y	目前基本上很少见
眼卫生习惯不好	Accelerator	细菌感染
先天闭锁	X-Y	泪道狭窄或阻塞
预防继发感染	Accelerator	短期的使用抗生素的药物
结膜的充血	X-Y	伴有眼睛的不适感
术后感染	X-Y	视力丧失
视网膜脱落	X-Y	巩膜环扎术
严重	Accelerator	角膜穿孔
角膜炎潜伏期	X-Y	在3-15天
视力也比较好	Accelerator	不用配戴眼镜
视物变形	Accelerator	及早完善眼底检查
药敏实验的结果	Accelerator	最敏感的药物
干眼症	X-Y	不要在暗光处看书
视野缺损	X-Y	及早到医院完善相关的检查
泪囊炎	X-Y	泪道置管
高度散光	Accelerator	术后效果也可能会受到影响
角膜炎	X-Y	抗病毒的药物
眼轴	Accelerator	带来的损害
白塞病葡萄膜炎	X-Y	流泪
角膜炎恢复正常	X-Y	保守治疗通常是无效
散瞳以后	Accelerator	说明散光是由于晶状体的屈光状态异常导致
没有得到及时的治疗	Accelerator	角膜溃疡
瞳孔增大	Accelerator	近距离阅读模糊会更为明显
正常情况	X-Y	生理性的远视度数大约在100-125度左右
治疗恢复正常	Accelerator	对视力没有任何影响
比如	Accelerator	氟米龙滴眼剂
角膜、结膜裂伤	X-Y	明显的伤口伴随流血
巩膜环扎术	X-Y	将环扎带手术取出
用力大便、咳嗽或者打喷嚏	Accelerator	角膜穿孔
随着时间的延长	Accelerator	脱离的范围会越来越大
沙眼	X-Y	乳头及滤泡增生
眼睛流血	X-Y	流行性出血性结膜炎
黄斑水肿	Accelerator	注射抗VEGF类的药物
角膜云翳	Accelerator	保守治疗通常是无效
眼部疲劳	X-Y	近视度数发展会越来越快
玻璃体牵拉	X-Y	视网膜脱离
电光性眼炎	X-Y	有时会视物不清
眼底的病情加重	Accelerator	眼前的黑影
高度近视性视网膜病变	X-Y	玻璃体切割手术
严重时	Accelerator	继发生眼内炎
及早使用药物干预	Accelerator	角膜溃疡
视野边缘部位的直线有轻微扭曲变形	X-Y	散光
视网膜手术	X-Y	术后正常的表现
眼底的出血	X-Y	玻璃体的积血
视网膜色素变性	X-Y	视力就会严重的下降
散光的原因	X-Y	角膜曲率不平
视网膜浅脱离	X-Y	进行详细的眼底检查
之前有过长期配戴角膜接触镜的病史	Accelerator	暂停佩戴
病因尚没有研究清楚	Accelerator	没有太好的治疗方法
角膜炎	X-Y	需积极抗感染、抗病毒对症治疗
治疗办法	Accelerator	施于晶状体的老视矫正手术
视疲劳	Accelerator	散瞳验光
视网膜分支静脉阻塞	X-Y	口服卵磷脂络合碘片
散光	X-Y	不用戴镜
流泪	Accelerator	病毒的感染
角膜病变产生角膜弯曲度不同	Accelerator	角膜移植术
急性期	Accelerator	畏光
350度的散光	X-Y	严重
结膜炎	X-Y	糖皮质激素滴眼液
麦粒肿	X-Y	形成大脓包
糖尿病等	X-Y	睡醒眼睛肿
球结膜下出血	X-Y	预防血压增高
散光	X-Y	准分子激光手术
眼底血管样条纹	X-Y	光动力疗法
下眼皮肿胀、疼痛	X-Y	下眼睑外伤
局部血管的炎性病变	X-Y	结合理疗
缓解期	Accelerator	免疫抑制剂
角膜炎	X-Y	角膜溃疡
散光	X-Y	老是看东西有点斜
角膜溃疡	Accelerator	手术治疗
散瞳以后，孩子的散光度数非常大	Accelerator	造成视力的下降
过度饮酒	X-Y	总是流泪
过敏性结膜	X-Y	清水洗脸及冲洗眼睛
高度近视	X-Y	定期做眼底检查
长期使用	Accelerator	耐药性和抗药性
视网膜前膜	X-Y	完善眼底检查
远视	X-Y	弱视
眼外伤	X-Y	缝合处理
红霉素眼膏	X-Y	明显的不适感
眼底病变	X-Y	眼底激光治疗
高度近视	X-Y	黄斑劈裂
高度近视	X-Y	视网膜、脉络膜萎缩性改变
渗出性黄斑变性	X-Y	玻璃体腔内注射药物治疗
早期	Accelerator	控制血压
细菌感染引起	X-Y	左氧氟沙星药水
高度数的远视或者有近视	X-Y	配戴一副眼镜
视网膜浅脱离	X-Y	巩膜外垫压术
角膜炎	X-Y	角膜炎治愈后会留下瘢痕
不散大瞳孔	Accelerator	晶状体变凸
经过合理休息	Accelerator	症状会自行好转
严重	Accelerator	视网膜裂孔
比较严重	Accelerator	角膜移植术
眼底病变	X-Y	营养神经的药物
炎症	X-Y	结膜下出血
中央静脉阻塞	Accelerator	视力会全部的下降
眼底病变在3级或4级以上	Accelerator	费用在5000-10000元之间
丝状物引起了明显的异物感	Accelerator	将丝状物去除
孩子老是眨眼睛	X-Y	睑板腺功能障碍
红绿色盲	X-Y	色盲镜
睑腺炎	X-Y	眼睑蜂窝织炎
验出远用度数	Accelerator	初步确定近用度数
眼部分泌物比较多	Accelerator	取部分眼部的分泌物去做药敏实验
视网膜血管堵塞	X-Y	眼部的胀痛
分支静脉阻塞	Accelerator	某一个区域眼前黑影视野缺损
睑板腺功能障碍	X-Y	局部滴用抗生素滴眼液
角膜基质炎	X-Y	带状疱疹病毒
红霉素眼药膏	X-Y	沙眼
轻度的散光	X-Y	不需要处理
过敏性疾病	X-Y	眼睑皮下出血点
视网膜上视锥细胞缺少三种感觉色泽的物质	X-Y	色盲
病情好转	Inhibitor	使用
出血吸收以后	Accelerator	视网膜激光光凝术
出血量比较大	Accelerator	玻璃体的积血
怎么治疗	Accelerator	佩戴隐形眼镜
视网膜色素变性	X-Y	没有太好的治疗方法
葡萄膜炎	X-Y	视网膜脱离
沙眼	X-Y	流泪
沙眼	X-Y	上下穹窿部结膜布满滤泡
视网膜裂孔	Accelerator	及早处理
实在闭合不了	Accelerator	角膜绷带镜
视网膜血管堵塞	X-Y	甲钴胺片
严重的话	Accelerator	视网膜裂孔的形成
各子午线的弯曲度不一致	Accelerator	一般的柱镜无法矫正
孩子角膜是在发育的过程中	Accelerator	散光有可能逐步消失并恢复正常
沙眼	X-Y	流泪
散光的度数不会太大	Accelerator	角膜接触镜
视物不清晰	Accelerator	到医院眼科做详细的检查
老花眼	X-Y	看清楚上面的字
视网膜分支静脉阻塞	X-Y	眼底出血
垂直性斜视	X-Y	手术矫正
睡觉姿势不正确	X-Y	眼部神经受压
沙眼	X-Y	较多的黏液或黏液脓性分泌物
50度	Accelerator	不需要治疗
睫状体手术	X-Y	治疗绝对期青光眼
保守治疗	Accelerator	可以自行恢复正常
沙眼	X-Y	合并弥漫性的角膜上皮炎
长期流眼泪	X-Y	泪道冲洗检查
没有近视	Accelerator	发生的会更早一些
视神经炎	X-Y	视盘旁线状的火焰状出血
角膜炎	X-Y	可以用糖皮质激素
内斜视	X-Y	配戴眼镜
散光	X-Y	配戴眼镜
眼底出血	X-Y	弄清楚外伤的原因
病理性的散光	X-Y	角膜穿孔
探通术不管用	Accelerator	泪道激光
细菌感染	X-Y	大量的黄色或白色的分泌物
急性期	Accelerator	全身应用抗生素
原因	Accelerator	先天性梅毒
视网膜浅脱离	X-Y	玻璃体切割手术
角膜炎	X-Y	视力下降会更加明显
长期流眼泪	X-Y	泪道堵塞
眼底出血	X-Y	眼底检查
炎症控制六个月之后	Accelerator	青光眼的手术
短期	Accelerator	视物模糊
儿童阶段	Accelerator	有近视的散光
闭角型青光眼	X-Y	高渗剂
眼睑蜂窝织炎	X-Y	危及生命
消除眼睛肿	X-Y	睡前不要喝大量的水
凹透镜	Accelerator	看近距离物品时有缩小
眼睛发痒	X-Y	过敏性睑皮炎
六个月的婴幼儿经过验光检查以后存在散光	X-Y	恢复
视网膜色素上皮病变	X-Y	视网膜色素上皮层紊乱
散光的度数	X-Y	对视力影响
突然视力下降	Accelerator	眼内炎
眼底病变	X-Y	激素类的药物
合并内囊炎症	Accelerator	抗感染对症治疗
眼睛前面有小黑点或者条状飞絮	X-Y	眼底的病变
防蓝光眼镜	X-Y	减少对眼睛造成损害
消除眼睛肿	X-Y	补充一些维生素类的食品
配戴老花镜	X-Y	确定老光戴镜的度数
预防老花眼	X-Y	多活动眼球
正常情况	Accelerator	40岁左右
超过600度	Accelerator	视网膜近视性改变
散光	X-Y	获得性的散光
早期	Accelerator	定期检查眼底
微生物可以沿着鼻泪管蔓延进入眼睛	Accelerator	角膜炎
加工工艺上的考量	Accelerator	纯远视眼镜的价格要贵
及早的通过各种光学矫正的办法提高视力	Accelerator	避免眼部疲劳的发生
电光性眼炎	X-Y	眼部疼痛难忍
结膜或者眼睑的水肿	Accelerator	术后感染
散光	X-Y	首选角膜接触镜
糖尿病视网膜病变	X-Y	视力的丧失
沙眼	X-Y	结膜污秽增厚
并发虹膜睫状体炎	Accelerator	睫状肌麻痹剂
刺激的产品和食物	Accelerator	加重对眼睛的损伤
比较严重的时候	Accelerator	可能形成角膜穿孔
眼睛流血	Accelerator	及时清创
下眼皮肿胀、疼痛	X-Y	眼睑脓肿
遗传因素造成	Accelerator	先天性
抗衰老作用的那些食品	Inhibitor	眼睛的老化
视网膜脱落	X-Y	使脱离的视网膜复位
视野缺损	X-Y	糖皮质激素治疗
早期	Accelerator	保持静卧位
有没有产生明显的眼部疲劳表现	Accelerator	严不严重
肾病和血液病	X-Y	眼底出血
早期	Accelerator	观察
中央静脉阻塞	Accelerator	视物模糊
液性的、颗粒状的白色的分泌物	Accelerator	病毒性结膜炎
眼花得比较快	Accelerator	到医院眼科做详细的检查
景深变短	Accelerator	近距离阅读模糊会更为明显
下眼皮肿胀疼痛	X-Y	眼球疾病累及
玻璃膜疣	X-Y	维生素
沙眼	X-Y	异物感
早期	Accelerator	眼药膏晚上用
色盲	X-Y	后天性
眼底出血	X-Y	明确视网膜出血的原因
眼底出血	X-Y	视野的缺损
度数较低	Accelerator	不用戴镜
糖尿病视网膜病变	X-Y	新生血管性青光眼
眼睛花、头痛	X-Y	保证充足睡眠
眼睑蜂窝织炎	X-Y	寒战
对视力有没有造成影响	Accelerator	严不严重
眼底出血	X-Y	做手术
虹膜睫状体炎	X-Y	角膜内皮
眼底出血	X-Y	可以自行恢复正常
黄斑水肿	Accelerator	及早处理
视网膜色素变性	X-Y	抗氧化剂
结膜炎	X-Y	周边角膜浸润性炎症
戴眼镜	Inhibitor	眼睛的疲劳
散光150度	X-Y	配50-100度左右的散光眼镜
伴有瘙痒	Accelerator	下眼睑过敏
造成视力轻度的下降	Accelerator	及早的配戴眼镜
压痛、触痛明显	Accelerator	眼睑疱疹
局部出血的症状仍然没有完全吸收	Accelerator	观察一下
散光的矫正手术	X-Y	价格在5000-8000元
颅内占位性疾病	Accelerator	神经外科进行进一步的诊治，必要的时候需要手术治疗
散光	X-Y	医院验光
老花眼	X-Y	近处物体就会看不清
外伤性的并发症	Accelerator	手术费用一般会在20000-30000元之间
散光	X-Y	有些是不可以治疗
角膜炎	X-Y	继发生眼内炎
新生血管或者静脉阻塞，引起的血管破裂、渗出导致的出血	X-Y	眼底的出血
电光性眼炎	X-Y	畏光
慢性期	Accelerator	烧灼感
白眼球表面的出血	Accelerator	结膜下出血
年纪比较大	Accelerator	鼻腔泪囊吻合术
白塞病性葡萄膜炎	X-Y	免疫抑制剂
屈光不正	Accelerator	到正规医院去验配
眼底的病情加重	Accelerator	视物的变形
角膜溃疡	Accelerator	需积极抗感染、抗病毒对症治疗
眼睛花之后头疼恶心	X-Y	到医院做检查
配戴老花镜	X-Y	配单光
早期	Accelerator	维生素
圆锥角膜	X-Y	角膜的形态呈现为圆锥形态
可以跟花眼抵消	Accelerator	看近就没那么吃力
病毒感染	Accelerator	病毒性角膜炎
视物变形	Accelerator	玻璃体腔内注射抗血管内皮细胞生长因子治疗
散光	X-Y	屈光手术治疗
红点在下眼睑	Accelerator	皮肤血管瘤
糖尿病	X-Y	糖尿病视网膜病变
屈光不正	X-Y	配镜矫正
视野的缺损	Accelerator	血管造影检查
角膜云翳	X-Y	角膜移植术
看不清时只要眯起眼皮就能够立即提升清晰程度	X-Y	散光
异物感	Accelerator	病毒的感染
睑结膜瘢痕	X-Y	沙眼
形成了新生血管	Accelerator	继发性青光眼
视网膜血管堵塞	X-Y	及早治疗
眼睛花之后头疼恶心	X-Y	近距离用眼一定需要配戴眼镜
非溃疡型的角膜基质炎	Accelerator	短时间使用糖皮质激素滴眼液
视网膜在拉伸	X-Y	视网膜近视性改变
老花眼	X-Y	框架眼镜
四岁的儿童	Accelerator	角膜塑形镜
戴上花镜还是出现头疼、头晕、恶心	Accelerator	到医院做检查
糖尿病视网膜病变	X-Y	手术治疗
眼底出血	X-Y	费用在5000-10000元之间
少量的网膜表面出血	Accelerator	保守治疗
眼底病变	X-Y	手术切除
角膜炎	X-Y	视力是完全恢复正常
中药	X-Y	清热解毒药方熏洗
只眼睛的角膜形态是不规则的	X-Y	一只眼睛散光严重
眼底出血	X-Y	眼内注射抗新生血管药物
不会对视力造成影响	Accelerator	不需要处理
角膜白斑	Accelerator	保守治疗通常是无效
视网膜激光光凝术	X-Y	眼底血管疾病
近视	X-Y	配戴眼镜
色弱或色盲家属史者	X-Y	优生优育筛查
牵拉性视网膜脱离	X-Y	自愈的可能性也很小
串珠子训练	X-Y	弱视
年老体弱	Accelerator	内囊摘除术
防蓝光眼镜	X-Y	缓解眼部疲劳
一旦发现	Accelerator	立刻治疗
休息不足	X-Y	眼睛充血
细菌性角膜炎	X-Y	经常流泪
角膜炎	X-Y	暴露性角膜炎
早期	Accelerator	玻璃膜疣
严重的干眼	X-Y	滴用不含防腐剂的人工泪液
年龄的增长	Accelerator	度数会逐步减轻
泪液分泌异常	X-Y	急性泪腺炎
早期	Accelerator	定期观察眼底的变化
逐渐发展	Accelerator	结膜瘢痕形成
角膜接触镜	Inhibitor	两只眼睛物差过大
视网膜分支静脉阻塞	X-Y	玻璃体切割手术
轻微的角膜炎症	Accelerator	一周以内可以逐步的恢复
外伤	Accelerator	戴隐形眼镜
原来为近视眼	Accelerator	视镜需要降低相应的近视度数
视网膜激光光凝术	X-Y	防止病情进一步的加重
下眼皮肿胀、疼痛	X-Y	眼睑疱疹
散光	X-Y	角膜移植术
确定是散光	Accelerator	每半年左右到医院复查
散光	X-Y	角膜接触镜
结膜血管瘤	X-Y	手术
范围越大	Accelerator	造成的影响就越大
干眼症	X-Y	学会劳逸结合
及早的配戴眼镜	Accelerator	眼部疲劳
沙眼	X-Y	睑结膜瘢痕
眼镜片	X-Y	具体的价格
角膜炎	Accelerator	需积极抗感染、抗病毒对症治疗
眼底病变	X-Y	结合理疗
丝状角膜炎	X-Y	流泪
常用的	Accelerator	阿昔洛韦滴眼剂
伴有斜视	Accelerator	原则上充分矫正
老花眼	X-Y	避免出现明显的疲劳不适
细菌性角膜炎	X-Y	出现溃疡
远视	X-Y	度数有可能会逐步降低
湿性的黄斑变性	X-Y	手术
度数比较高	Accelerator	人工晶体植入术
不愿意配戴框架眼镜	Accelerator	角膜接触镜
远视	X-Y	度数会逐步减轻
早期	Accelerator	抗氧化剂
眼轴逐步拉长	Accelerator	视网膜在拉伸
对角膜造成磨损	Accelerator	角膜不断变薄
睡前使用	Inhibitor	明显的不适感
泪液排出异常	X-Y	泪道冲洗通畅
远视	X-Y	配戴一副矫正远视的眼镜
视网膜表面的新生血管	Accelerator	视力下降
角膜屈光手术	Accelerator	准分子激光手术
视网膜前膜	X-Y	定期观察眼底的变化
老花眼	X-Y	服用枸杞子、决明子、菊花泡茶
白塞病	X-Y	生殖器溃疡
远视	X-Y	成年以后行屈光手术
初期阶段	Accelerator	不用佩戴眼镜
单纯的泪道狭窄	Accelerator	泪道探通术
散光是极其不规则	Accelerator	常规的矫正方法有时候很难把视力提高到正常
玻璃体切割手术	X-Y	考虑出院
预防	Accelerator	缓解眼睛的衰老
细菌性角膜炎	X-Y	眼睛内有大量的脓性分泌物
电光性眼炎	X-Y	引起角膜炎
看远时模糊不清	X-Y	散光
近视镜	X-Y	看近距离物品时有缩小
角膜的炎症	Accelerator	及早的通过药物干预缓解症状
角膜炎	X-Y	外观上眼睛发红
一条子午线上，平行光线的焦点落在视网膜表面	Accelerator	远视散光
散光	X-Y	角膜厚度
暴露性角膜炎	X-Y	晚上可以涂药膏
调节功能训练	Accelerator	延缓花眼的进展
视网膜分支静脉阻塞	X-Y	黄斑水肿
急性期	Accelerator	耳前淋巴结肿大
术后眼内的葡萄膜炎反应比较明显	Accelerator	观察一下
角膜基质炎	X-Y	睫状肌麻痹剂
眼睛视力下降的原因	X-Y	视网膜动脉或者静脉阻塞
色盲	X-Y	先天性
甲亢或眼眶的肿物	X-Y	眼球突出
年龄比较小	Accelerator	会揉眼
角膜基质炎	X-Y	单纯疱疹病毒
难以控制的重症感染	Accelerator	治疗性角膜移植手术
角膜炎	X-Y	角膜上皮一般会留有瘢痕
质量比较低劣的隐形眼镜	X-Y	对眼睛造成的损害比较大
严重的干眼	X-Y	泪膜不稳定
丧失在24小时之内恢复正常	Test	过度疲劳
视神经病变	X-Y	视盘旁线状的火焰状出血
增殖膜形成变的比较厚或者牵拉视网膜	Accelerator	及早行玻璃体切割手术
视网膜手术	X-Y	逐步的恢复正常
慢性期	Accelerator	干燥
一过性	Accelerator	过度疲劳
散光的轴位	Accelerator	恢复良好的视觉质量
玻璃体本身出血	Accelerator	玻璃体牵拉
眼部疼痛	X-Y	一过性眼压升高
白塞病性葡萄膜炎	X-Y	青光眼的手术
电光性眼炎	X-Y	母乳
高血压	X-Y	睡醒眼睛肿
近视激光手术原则	X-Y	必须年满18周岁
150度的散光	X-Y	逆规散光
视网膜近视性改变	X-Y	黄斑出血
渗出性黄斑变性	X-Y	避免光损伤
影响视力	Accelerator	血细胞进入到玻璃体腔
小儿角膜炎	X-Y	眼睛发红
丝状角膜炎	X-Y	角膜的表面有卷曲的丝状物，一端附着在角膜的上皮面，另一端是游离的
眼底出血	X-Y	血细胞进入到玻璃体腔
难以恢复	Accelerator	母乳
抗真菌的药物	Accelerator	恢复
结膜组织发生过敏	X-Y	结膜水肿
儿童散光	X-Y	睫状肌麻痹剂来散瞳
时间比较短	X-Y	巩膜环扎术
闭角型青光眼	X-Y	减少房水生成的手术
急性期	Accelerator	合并弥漫性的角膜上皮炎
随着年龄的增加	Accelerator	玻璃体的退行性的变化
脱离范围比较小	Accelerator	外路手术
沙眼	X-Y	对并发症的治疗
青光眼	X-Y	视力明显下降
不用药水	Accelerator	脓液流出
严重的话	Accelerator	视网膜脱离
疾病早期炎症比较浅	Accelerator	不会形成角膜瘢痕
眼底出血	X-Y	眼部B超
凸透镜	X-Y	将光线聚焦在一个焦点
中、低度	Accelerator	激光手术
睑腺炎	X-Y	疼痛
成人沙眼	X-Y	滤泡性的结膜炎
睑板腺功能障碍	X-Y	少看手机及电视
糖尿病视网膜病变	X-Y	眼底有血点、渗出
眼睛刺痛	Accelerator	病毒的感染
散光患者	X-Y	人工晶体植入术
结膜组织发生过敏	X-Y	眼角红痒
长时间看书	X-Y	干眼症
眼底出血	X-Y	OCT检查
角膜炎	X-Y	糖皮质激素滴眼液
病毒性角膜炎	X-Y	分泌物一般为粘丝状或者条状
手术治疗	Accelerator	角膜激光手术
散瞳	X-Y	暂时的生活不便
裂纹或脉络膜新生血管累及了黄斑	Accelerator	暗点
血糖控制得好	Accelerator	眼底出血可能就不发生或出现的晚
不规则散光	X-Y	戴角膜接触镜
散光	X-Y	轴位的准确性比较好
中医中药	uncorrelated	散光的度数下降
并发症	Accelerator	白内障的手术
眼底出血	X-Y	保守治疗
远视	X-Y	框架眼镜
手术以后	Accelerator	视物模糊
眼睛充血	X-Y	不要使眼睛处于长期疲劳的状态
眼底出血	X-Y	早行视网膜激光光凝术
小儿角膜炎	X-Y	黑眼球上有白色的病灶
儿童发病	Accelerator	度数有可能会逐步降低
中心性浆液性脉络膜视网膜病变	X-Y	视网膜激光光凝
看近看远都非常模糊	Accelerator	严重
散光	X-Y	看东西老是有模糊不清楚或者有虚边的症状
外伤	X-Y	结膜下出血
视网膜中央动脉阻塞	X-Y	失明
晚期	Accelerator	低视力康复治疗
没有增大趋势或者短期内形态改变	Accelerator	观察
度数不是很大	Accelerator	成年以后是完全有可能恢复正常
丝状角膜炎	X-Y	眼部的异物感
眼底出血	X-Y	不需要热敷
不规则散光	Accelerator	不能用框架眼镜进行矫正
视网膜血管堵塞	X-Y	继发性青光眼
老花眼	X-Y	不戴老花镜，也可以看清近处的物体
视网膜分支静脉阻塞	X-Y	可能会恢复正常
沙眼	X-Y	全身应用抗生素
防止眼部疲劳症状	Accelerator	避免接触电脑、手机等电子产品的时间过长
严重	Accelerator	黄斑劈裂
高度的散光	X-Y	框架眼镜
高度近视	X-Y	高度近视性眼底病变
化学灼伤	X-Y	角膜炎
眼睛看东西模糊	X-Y	黄斑疾病
角膜炎	X-Y	控制
视网膜静脉周围炎	X-Y	视网膜和玻璃体腔的大量出血
视网膜近视性改变	X-Y	视网膜脱离
沙眼	X-Y	加重对眼睛的损伤
散光	X-Y	成年以后行屈光手术
早期	X-Y	白天也多用眼药膏
周围组织挤压	X-Y	眼部神经受压
老花眼	X-Y	尽量不用或减少使用电子产品的频率和使用时间
眼睛功能发育滞后	Accelerator	眼睛的低屈光力状态或者是矫正视力低于正常
视网膜脱离	Accelerator	视网膜脱离复位手术
病毒性角膜炎	X-Y	水肿明显
散瞳眼底检查	X-Y	及早发现病变
视网膜浅脱离	X-Y	选择合理的治疗方案
外伤或者全身性疾病	X-Y	球结膜下出血
小儿角膜炎	X-Y	流泪
散光	X-Y	视疲劳
急性沙眼感染	X-Y	自行缓解
黄斑的疾病	X-Y	色觉的异常
睑板腺功能异常	X-Y	干涩
严重的干眼	X-Y	结膜充血
剧烈呛咳	X-Y	结膜下出血
老花	X-Y	缓解眼睛的衰老
顺规	Accelerator	配50-100度左右的散光眼镜
高血压或者糖尿病等引起的视网膜病变	X-Y	眼底激光治疗
对视力造成的影响特别大	Accelerator	角膜移植术
进行±25°的微调	Accelerator	确定老光戴镜的度数
从远看近时睫状肌不能够及时有效的收缩	Accelerator	近处物体就会看不清
出血量比较大	Accelerator	玻璃体腔的积血
视网膜血管堵塞	X-Y	头痛
早期	Accelerator	活血化瘀的药物
儿童散光	X-Y	散瞳验光
泪囊炎	X-Y	泪道激光
晶状体老化以后硬度增加、弹性降低	Accelerator	近视力下降
小儿角膜炎	X-Y	大量的黄色或白色的分泌物
防止玻璃膜上出现新的裂孔	Accelerator	禁止进行巩膜压陷
感染性因素	X-Y	角膜炎
麦粒肿	X-Y	脓液流出
眼睛视力下降的原因	X-Y	白内障
视网膜病变	X-Y	保守治疗
不规则散光	Accelerator	角膜绷带镜
防止眼部疲劳症状	Accelerator	尽量避免长时间熬夜等不良的生活习惯
视网膜血管堵塞	X-Y	视力会严重下降直至失明
两只眼混合散光的度数大于250度以上	Accelerator	适当降低两眼度数的差别
视网膜激光光凝术	X-Y	视物模糊
眼底血管样条纹	X-Y	视力会下降到手动且不容易恢复
病情逐渐加重	Accelerator	强烈的疼痛症状
散光	X-Y	不能用框架眼镜进行矫正
视物变形	Accelerator	光动力疗法
斜视	X-Y	不要拖延等待
经过合理的治疗	Accelerator	视力是完全恢复正常
经常看近距离的时间过久	X-Y	有近视的散光
治疗办法	Accelerator	框架眼镜
超高度近视	X-Y	眼轴已经严重的拉长
过敏因素	Accelerator	非甾体消炎药物
减少电子屏幕中蓝光对眼睛造成的损害	Accelerator	缓解眼部疲劳
不存在眼底疾病等其他的影响视力的疾病	Accelerator	同时维持远、中、近三种视力的要求
了解老花眼患者的工作性质和阅读习惯	Accelerator	老花眼眼镜的验配
外伤	X-Y	眼部神经受压
位于瞳孔区附近或者是中央	Accelerator	视力障碍
少量出血	Accelerator	早行视网膜激光光凝术
戴镜15-20分钟后	Accelerator	确定老光戴镜的度数
视野缺损	Accelerator	及早完善眼底检查
角膜炎	X-Y	穿透性角膜移植术
糖尿病视网膜病变	X-Y	黄斑区格栅样光凝
散光	X-Y	优先选择角膜接触镜
病毒性角膜炎	X-Y	淋巴结容易肿大
类风湿性关节炎	X-Y	角膜病变
麦粒肿	X-Y	局部的热敷
角膜炎	X-Y	真菌性角膜炎
眼底血管样条纹	X-Y	禁止进行巩膜压陷
视网膜分支静脉阻塞	X-Y	甲钴胺片
辛辣食物	Inhibitor	使用
视神经炎性病变	Accelerator	激素类的药物
视网膜中央动脉阻塞	X-Y	扩血管治疗
糖尿病视网膜病变	X-Y	眼睛剧痛
散光	X-Y	头部倾斜
盘状角膜炎	X-Y	阿昔洛韦滴眼剂
视网膜的缺血	Accelerator	激光治疗
高血压	X-Y	眼底出血
全身性的疾病	X-Y	睡醒眼睛肿
视野的缺损	X-Y	视野的恢复也是比较困难
肿瘤压迫	X-Y	眼部神经受压
早期	Accelerator	甲钴胺片
大低头	X-Y	结膜下出血
糖尿病视网膜病变	X-Y	眼底病变的发展就会减缓
看近会有所吃力	Accelerator	配戴一副度数较高的花镜
角膜炎	Accelerator	针对角膜炎进行治疗
老花眼	X-Y	看近就没那么吃力
病毒感染	X-Y	角膜炎
视网膜中央静脉或分支静脉阻塞	X-Y	激光治疗
眼底血管样条纹	X-Y	视力下降
病毒感染	X-Y	带状疱疹性角膜炎
结膜下出血	X-Y	自行消退
散光	X-Y	视力非常明显的下降
长时间近距离用眼	X-Y	睫状肌调节疲劳
大量分泌物时	Accelerator	细菌性角膜炎
老花	X-Y	养成良好的饮食习惯、不挑食
腺管疏通开	Accelerator	配合局部热敷
盘状角膜炎	X-Y	视力的明显下降
视网膜病变	X-Y	荧光血管造影
玻璃体腔的积血	Accelerator	玻璃体切割手术
眼底出血	X-Y	外伤缝合处理
高度的散光	X-Y	会造成严重的视物模糊
散光成像特点	X-Y	出现簇状或者团状光圈
正常情况下，散光应该不会超过200-300度	Accelerator	有病理性的眼部疾病
预防老花眼	X-Y	锻炼睫状肌的调节功能
机体抵抗的下降	X-Y	病毒性角膜炎
色素上皮局部萎缩	X-Y	低视力康复治疗
细菌性角膜炎	X-Y	取部分眼部的分泌物去做药敏实验
血栓	X-Y	视网膜静脉阻塞
患者感觉不到	Accelerator	可能完全没有症状
血压高到180mmhg以上	Accelerator	高血压眼底出血
湿性的黄斑变性	X-Y	注射抗VEGF类的药物
散光自测	X-Y	放射状视标图
干眼症	X-Y	不要长时间看书或者手机、电脑
长期流眼泪	X-Y	泪道探通术
缓解	Inhibitor	到正规医院及时治疗
自觉眼前发红	Accelerator	血细胞进入到玻璃体腔
人的眼球	X-Y	是一个横椭圆形
隐形眼镜	X-Y	结膜炎症反应
近视	uncorrelated	防蓝光眼镜
术后感染	X-Y	眼球萎缩
暴露性角膜炎	X-Y	上皮的干燥
角膜变性	X-Y	散光
出现老花眼的年龄	X-Y	40岁左右
网膜已经复位良好	Accelerator	将环扎带手术取出
中央静脉阻塞	Accelerator	眼前发暗
老花眼	X-Y	佩戴老花眼镜
老花眼	X-Y	看近处需要摘掉眼镜
椭圆形	Accelerator	长轴的方向则称之为散光的轴向
减慢其发展速度	Accelerator	服用枸杞子、决明子、菊花泡茶
没有再次出血、术后感染这些并发症	Accelerator	2-3天就可以出院
眼底出血	X-Y	激光治疗
病毒性角膜炎	X-Y	病毒感染的二次复发
早期	Accelerator	血管扩张剂
暴露性角膜炎	X-Y	戴湿房镜
近视	X-Y	视力下降
100度或200度左右的近视	Accelerator	看近就没那么吃力
出血量比较大	Accelerator	黄斑水肿
不及时处理	Accelerator	危及生命
范围比较小	Accelerator	视网膜脱离
出血量比较大	Accelerator	保守观察1-2个礼拜左右
详细检查	Accelerator	选取合理的药物控制炎症
老花眼	X-Y	萘敏维滴眼液
少量出血	Accelerator	在1-2周左右可以逐步恢复正常
视网膜裂孔	X-Y	视网膜激光光凝术
感冒	Accelerator	病毒感染
盘状角膜炎	X-Y	更昔洛韦滴眼剂
眼前黑影	Accelerator	及早完善眼底检查
不愿意配戴框架眼镜	Accelerator	角膜塑形镜
免疫因素	Accelerator	糖皮质激素滴眼液
光心偏离	X-Y	角膜形态不规则
压痛、触痛明显	Accelerator	眼睑脓肿
久处空调房	X-Y	总是流泪
视网膜血管堵塞	X-Y	卵磷脂络合碘片
两个月以后观察到了视网膜的状态	Accelerator	明确视网膜出血的原因
300度以上的高度散光	Accelerator	人工晶体植入手术
睑板腺功能障碍	X-Y	联合人工泪液来抗炎对症治疗
原因有非常多	Accelerator	及早到正规医院做相关检查
高度近视	X-Y	视网膜近视性改变
单眼散光	X-Y	提高视力
泪液分泌减少	X-Y	总是流泪
尘螨	X-Y	结膜代偿性的充血
抗病毒的滴眼剂	Accelerator	更昔洛韦滴眼剂
12-35岁左右的青少年	Accelerator	快速散瞳验光
流行性出血性结膜炎	X-Y	流泪
真菌性角膜炎	Accelerator	两性霉素B
玻璃体切割手术	X-Y	2-3天就可以出院
角膜瘢痕形成造成视力障碍	Accelerator	角膜移植术
眼部疲劳	X-Y	一过性眼压升高
眼前似有云雾遮挡感	Accelerator	血细胞进入到玻璃体腔
糖尿病	Accelerator	眼底出血
视网膜激光光凝术	X-Y	视网膜静脉阻塞
通过鼻泪管蔓延进入结膜囊内	Accelerator	病毒性结膜炎
配戴老花镜	X-Y	双光老花镜
视网膜近视性改变	X-Y	很难通过各种方法去逆转
肿瘤性	Accelerator	结合化疗
散光	X-Y	检眼镜不能看清楚眼底
孔源性视网膜脱离	X-Y	及时治疗
配戴眼镜	Accelerator	视力可以重新恢复正常
儿童	Accelerator	斜视
湿性的老年性黄斑病变	X-Y	黄斑区出血
结膜代偿性的充血	X-Y	检查角膜和虹膜
眼挫伤	X-Y	结膜下出血
高血压	X-Y	眼前的黑影飘动、烟雾感
生理性的散光	Accelerator	屈光手术治疗
散光	X-Y	不会对视力造成任何影响的
初期	Accelerator	滤泡性的结膜炎
防止眼部疲劳症状	Accelerator	减少长时间近距离用眼的机会
散光	X-Y	角膜曲率
免疫力下降	Accelerator	病毒感染的二次复发
全色盲	X-Y	有弱视
散光	X-Y	眼镜基本上就要一直戴下去
视网膜前膜	X-Y	不需要处理
高血压	X-Y	眼底出血
视网膜色素变性	X-Y	视野缺损
消除眼睛肿	X-Y	针对病因进行治疗
缓解眼部的疲劳	Accelerator	珍视明滴眼液
散瞳以后	Accelerator	晶体源性散光
手术以前一定要对眼睛进行详细的检查	Accelerator	角膜地形图
20多岁左右的年轻人	Accelerator	看远和看近都不会有明显的症状
斜轴	Accelerator	需要将散光配足
玻璃膜疣	X-Y	多吃绿色蔬菜
减慢其发展速度	Accelerator	尽量不用或减少使用电子产品的频率和使用时间
沙眼	X-Y	眼痒
角膜溃疡	X-Y	眼内炎
眼结石	X-Y	慢性炎症
眼底病变在3级或4级以上	Accelerator	眼内注射抗新生血管药物
配戴时的舒服度	Accelerator	最佳的散光度数
270度	Accelerator	中度散光
结膜血管扩张与充盈	Accelerator	眼睛发红
散光	X-Y	会造成严重的视物模糊
感染细菌毒力太强	Accelerator	角膜溃疡
急性泪腺炎	X-Y	流泪
散光的度数不会太大	Accelerator	框架眼镜
糖尿病视网膜病变	X-Y	全视网膜光凝治疗
配戴隐形眼镜	X-Y	到正规医院去验配
疼痛剧烈	Accelerator	麦粒肿
少部分	Accelerator	竖椭圆形
验光以后，显示眼睛存在250度的散光	Accelerator	视力非常明显的下降
红血丝	X-Y	过敏性结膜炎
视网膜裂孔	X-Y	视网膜激光光凝术
眼底出血	X-Y	黄斑变性
后天性色盲	X-Y	治疗原发病有恢复的可能
看东西有散光感或者周围有遮挡感	Accelerator	及时去医院检查
眼底没有出血	Accelerator	等待血自然吸收
屈光状态	X-Y	老花眼
穿孔	Accelerator	眼内炎
眼底出血	X-Y	激光治疗
预防	Accelerator	养成良好的饮食习惯、不挑食
配戴眼镜	Accelerator	提高视力
远视	X-Y	成年以后是完全有可能恢复正常
散光	X-Y	不用配戴眼镜
散光	X-Y	手术难度增大
老花眼	X-Y	科学验配老花镜
眼底出血	X-Y	血管造影检查
生理性的散光	Accelerator	角膜接触镜
异物	X-Y	外观上眼睛发红
下眼皮肿胀、疼痛	X-Y	麦粒肿
预防新生血管性青光眼的发生	Accelerator	激光治疗
长期流眼泪	X-Y	泪囊炎
老花眼	X-Y	珍视明滴眼液
圆锥角膜	X-Y	角膜屈光手术
先天性色盲	X-Y	尚无治愈方法
比较严重的时候	Accelerator	角膜屈光手术
眼底出血	X-Y	全视网膜激光光凝
细菌性鼻炎	X-Y	细菌性角膜炎
大度数的外斜视	X-Y	影响双眼立体视觉功能的发育
疼痛特别难忍	Accelerator	母乳
眼睛视力下降的原因	X-Y	视网膜动脉痉挛
局部的充血	Accelerator	术后正常的表现
眼睑裂伤	X-Y	明显的伤口伴随流血
细菌性角膜炎	X-Y	角膜穿孔
眼部受到轻微外伤	X-Y	结膜下出血
眼睑蜂窝织炎	X-Y	发热
长期流眼泪	X-Y	手术治疗
眼睛下面有红点	X-Y	球结膜下出血
散光度数	X-Y	最佳的散光度数
色盲	X-Y	完全无法辨别相应的颜色
细菌性	Accelerator	可以互相传染
晶状体老化以后硬度增加、弹性降低	Accelerator	阅读的时候喜欢把物体放在远一些
玻璃体积血的时间比较长	Accelerator	手术解决
促进视功能的发育	Accelerator	对于远视或者弱视这两种疾病是有治疗作用
电光性眼炎	X-Y	重组牛碱性成纤维细胞生长因子滴眼液
渗出性的视网膜脱离	X-Y	药物治疗
老花眼	X-Y	近距离用眼时间过久，要学会适当的休息
沙眼	X-Y	干燥
代偿性的充血	X-Y	去除导致缺氧缺水的原因
儿童发病	Accelerator	成年以后是完全有可能恢复正常
皮肤脱屑	Accelerator	睑缘炎
角膜基质炎	X-Y	全身给予抗病毒、抗结核
干性的黄斑变性	X-Y	视力或者是视觉功能影响比较小
视网膜脱离	Accelerator	手术
眼睛除了红以外	X-Y	术后感染
玻璃体切割手术	X-Y	不需要缝合
湿性的黄斑变性	X-Y	黄斑水肿
散光加近视	X-Y	佩戴框架眼镜
饮酒	Inhibitor	使用
闭角型青光眼	X-Y	肾上腺能受体激动剂
手术	Accelerator	使脱离的视网膜复位
眼镜片	X-Y	散光眼镜的价格肯定比单纯近视眼镜
青光眼	X-Y	眼压升高
刚生下来的时候	Accelerator	非常强
白塞病	X-Y	复发性的虹膜炎
高度的散光	Accelerator	首选角膜接触镜
盘状角膜炎	X-Y	激素类的眼药水
急性期	Accelerator	异物感
丝状角膜炎	X-Y	暂停佩戴
过敏性疾病	Accelerator	抗过敏的眼膏类药物
玻璃膜疣	Accelerator	激光经瞳孔温热疗法
视网膜色素上皮病变	X-Y	行激光治疗
急性期	Accelerator	止血药
麦粒肿	X-Y	抗生素眼药水
怎么治疗	Accelerator	准分子激光手术
老花眼	X-Y	可以看清近的东西
积极的治疗	Inhibitor	真性近视
炎症	X-Y	泪道狭窄或阻塞
急性期	X-Y	流泪
感染角膜	Accelerator	细菌性角膜炎
疼痛剧烈	Accelerator	眼睑疱疹
眼底出血	X-Y	保守观察1-2个礼拜左右
散光度700	X-Y	有病理性的眼部疾病
老视的症状	X-Y	视近困难
眼睛出血	X-Y	前房出血
散光	X-Y	不需要治疗
眼镜片	X-Y	纯远视眼镜的价格要贵
隐形眼镜	X-Y	结膜炎症反应
病变侵及了基质层	Accelerator	视力障碍
早期	Accelerator	不需要处理
散光	X-Y	框架眼镜
视网膜病变	X-Y	OCT
病变累及视网膜组织	X-Y	及早完善眼底检查
斜视	X-Y	需要到医院检查
比较严重	Accelerator	眼底的激光治疗
突然视力下降	Accelerator	葡萄膜炎
视网膜浅脱离	X-Y	巩膜环扎术
症状比较轻微	Accelerator	常规药物保守治疗
物体碰撞眼球	X-Y	结膜代偿性的充血
色盲	X-Y	变色力障碍
玻璃膜疣	X-Y	戒烟
散光	X-Y	不会超过200-300度
减慢其发展速度	Accelerator	体育锻炼
角膜基质炎	X-Y	结核
单眼散光	Inhibitor	两只眼睛物差过大
深层角膜溃疡后弹力层膨出者	Accelerator	采用眼罩保护患眼
老花眼	X-Y	同时维持远、中、近三种视力的要求
时间比较短	X-Y	巩膜外垫压术
渐进性无痛性视力下降	Accelerator	白内障
眼底出血	X-Y	手术治疗
近视眼的患者	Accelerator	不戴老花镜，也可以看清近处的物体
积极降眼压对症治疗	X-Y	避免高眼压对视神经造成的不可逆损伤
眼睛充血	X-Y	注意用眼的卫生
眼睛肿不能够缓解	X-Y	正规的医院
糖尿病视网膜病变	X-Y	视网膜出血
眼底的出血	X-Y	视力可能也有很大的提高
糖尿病视网膜病变	X-Y	眼底出血
散光的手术原则	X-Y	散光度数在2年内没有明显增长
脉络膜病变	Accelerator	激光
视网膜病变	X-Y	手术疗法
视力下降	Accelerator	完善眼底检查
眼睑的问题不能闭合	Accelerator	暴露性角膜炎
泪囊炎	X-Y	鼻腔泪囊吻合术
偏头疼	Accelerator	不要吃辛辣刺激食物
红绿色盲	X-Y	色相子排列
急性期	Accelerator	眼睑红肿
眼底出血	X-Y	保持静卧位
糖尿病视网膜病变	X-Y	定期检查眼底
泪器疾病	X-Y	流泪
剧烈咳嗽	X-Y	白眼球表面的出血
疾病的早期	Accelerator	药物治疗
孔源性视网膜脱离	X-Y	手术
结膜血管瘤	X-Y	激光
外伤	Accelerator	外伤缝合处理
高度近视	X-Y	去正规眼科，进行详细的眼部检查
高度数	Accelerator	需要看近处、看远处两幅眼镜
明显的异物感	Accelerator	及早到医院检查
角膜基质炎	X-Y	先天性梅毒
角膜炎	X-Y	全身的抗菌和抗病毒的治疗
细菌性角膜炎	X-Y	必要时应用降眼压药的药物
屈光不正	Accelerator	配戴眼镜
药物	X-Y	老花眼
裂孔比较大	Accelerator	玻璃体切割手术
眼睛分泌黄白色的分泌物	X-Y	细菌感染引起
老花	X-Y	缓解老花眼所引起的视物模糊、视力疲劳
视网膜前膜	X-Y	及早行玻璃体切割手术
色盲	X-Y	性染色体隐性遗传疾病
玻璃体后脱离	X-Y	完善眼底检查
视网膜血管堵塞	X-Y	复方血栓通胶囊
不愿意配戴这种角膜接触镜	Accelerator	框架眼镜
睑板腺功能障碍	Accelerator	聚乙二醇滴眼液
150度的散光	X-Y	顺规横轴的散光
角膜炎	X-Y	引起眼球剧烈的疼痛
角膜炎	X-Y	减少复发
近视度数的增长	Accelerator	视网膜在拉伸
糖尿病视网膜病变	X-Y	玻璃体切割手术治疗
眼睛出血	X-Y	玻璃体腔出血
闭角型青光眼	X-Y	β肾上腺能受体阻滞剂
中心暗点	Accelerator	光动力学联合玻璃体腔内注射抗血管内皮细胞生长因子疗法
散瞳以后度数能够消失	X-Y	真性近视
慢性期	Accelerator	眼痒
刺激性的致病菌	X-Y	角膜炎
少量出血	Accelerator	不需要口服药物
遵医嘱规律用药	Accelerator	逐步的恢复正常
散光	X-Y	恢复良好的视觉质量
眼部疲劳	Accelerator	配戴眼镜
虹膜炎	X-Y	外观上眼睛发红
儿童散光	X-Y	散瞳验光
视网膜激光光凝术	X-Y	糖尿病性视网膜病变
飞秒激光	Accelerator	8000-18000元
裂纹或脉络膜新生血管累及了黄斑	Accelerator	视物变形
初步确定近用度数	Accelerator	确定老光戴镜的度数
眼底出血	X-Y	口服药物
超过了400度或者600度以上	Accelerator	会造成严重的视物模糊
早期	Accelerator	视网膜色素上皮层紊乱
红霉素眼药膏	X-Y	使用
视神经疾病	Accelerator	糖皮质激素治疗
散光	X-Y	角膜地形图
200-300度的远视	Accelerator	不配镜
老视	X-Y	视觉疲劳
原来为正视眼或远视眼	Accelerator	佩戴老花镜
圆锥角膜	X-Y	散光的度数随着年龄的增长在逐步增高
超高度近视	X-Y	每年要进行1-2次的眼底检查
沙眼	X-Y	沙眼衣原体
少量的网膜表面出血	Accelerator	可以自行恢复正常
角膜的形态不规则导致	Accelerator	串珠子训练对于散光是没有任何治疗的作用
糖尿病性视网膜病变	X-Y	激光光凝术
白塞病性葡萄膜炎	X-Y	激素滴眼液
老花眼	X-Y	验光
眼睑痉挛	X-Y	眼睛跳
玻璃体积血	Accelerator	玻璃体切割手术
玻璃膜疣	X-Y	微脉冲激光照射治疗
减慢其发展速度	Accelerator	近距离用眼时间过久，要学会适当的休息
真菌角膜炎	X-Y	恢复
泪囊炎	X-Y	细菌滋生
细菌性角膜炎	X-Y	视力下降
合并弱视	Accelerator	进行弱视训练和弱视治疗
小孩子远视	X-Y	配戴合适的眼镜
实在闭合不了	Accelerator	湿润的眼药水帮助眼表湿润
细菌性角膜炎	X-Y	最敏感的药物
便秘	X-Y	白眼球表面的出血
病毒性角膜炎	X-Y	口服抗病毒的滴丸
发现的年龄越早	Accelerator	恢复的可能性就越大
全色盲	X-Y	视力一般都很差
散光	X-Y	视物模糊
经常看手、机电脑	X-Y	干眼症
存在病理性的改变	Accelerator	及早手术治疗
眼底出血	X-Y	立刻做手术
结膜炎	X-Y	抗病毒的药物
泪液排出异常	X-Y	溢泪
角膜瘢痕	Accelerator	对视力造成不可逆影响
角膜炎	X-Y	白天也多用眼药膏
角膜炎	X-Y	眼药膏晚上用
无视疲劳	Accelerator	不用戴镜
视网膜色素上皮病变	X-Y	视网膜裂孔
散光的矫正手术	X-Y	8000-18000元
月经周期	X-Y	眼睛肿胀
月经周期	X-Y	睡醒眼睛肿
度数相对来说不算太高	Accelerator	角膜激光手术
糖皮质激素	Inhibitor	促进疾病的恢复
严重的干眼	X-Y	视物模糊
位于瞳孔区附近或者是中央	Accelerator	角膜炎治愈后会留下瘢痕
整个的玻璃体出血	Accelerator	视力丧失
裂孔	Inhibitor	视网膜激光光凝术
角膜炎	X-Y	角膜炎治愈以后，视力可以完全恢复正常
眼部受到比较严重的外力冲击	X-Y	前房出血
热敷	uncorrelated	恢复
眼底出血	X-Y	费用大概在20000-30000元之间
眼周围出现带状疱疹感染	Accelerator	带状疱疹性角膜炎
孔源性的视网膜脱离	X-Y	病情会越来越重
干性的黄斑变性	X-Y	视网膜的萎缩
急性过后	Accelerator	应用活血化瘀、促进血液吸收的药物
玻璃体的出血	Accelerator	手术治疗
疾病早期炎症比较浅	Accelerator	视力是完全恢复正常
高血压眼底出血	X-Y	眼底出血
早期	Accelerator	口服卵磷脂络合碘片
视网膜表面的新生血管	Accelerator	继发性青光眼
随着年龄的增加	Accelerator	弹性就逐渐减弱
压迫眼球	Accelerator	角膜穿孔
脱离的时间越长	Accelerator	造成的影响就越大
中心性浆液性脉络膜视网膜病变	X-Y	尚无特殊的药物治疗
伴有视疲劳	Accelerator	验光后佩戴框架镜矫正
视网膜表面的新生血管	Accelerator	视网膜脱离
眼外伤	X-Y	及时清创
疼痛剧烈	Accelerator	眼睑脓肿
具体的病因	Accelerator	治愈的时间
细菌的感染	Accelerator	泪囊炎
度数基本上不会有太大变化	Accelerator	眼镜基本上就要一直戴下去
全色盲	X-Y	眼球震颤
生理性的散光	Accelerator	框架眼镜
沙眼	X-Y	沙眼衣原体感染
没有对视力造成任何的影响	Accelerator	不用配戴眼镜
远视	X-Y	角膜接触镜
角膜炎潜伏期	X-Y	1个星期左右
熬夜	Accelerator	眼睑痉挛
小孩子有4.2的视力	X-Y	去医院进行验光
时间过长了度数发展	Accelerator	真性近视
眼睛下面有红点	X-Y	皮肤血管瘤
早期	Accelerator	眼药水白天用
沙眼	X-Y	睑结膜滤泡
玻璃膜疣	X-Y	抗氧化剂
远视	X-Y	看远和看近都不会有明显的症状
眼底血管样条纹	X-Y	光动力学联合玻璃体腔内注射抗血管内皮细胞生长因子疗法
眼底出血	Accelerator	视野才可能一定程度的恢复
感染的因素毒力比较强	Accelerator	角膜溃疡
盘状角膜炎	X-Y	妥布霉素地塞米松滴眼剂
视网膜已经发生了脱离	Accelerator	立刻做手术
长时间不能好转	Accelerator	手术治疗
眼底出血	X-Y	视网膜脱离复位手术
细菌性角膜炎	X-Y	眼睑上有很多黄白色的结痂颗粒
不规则散光	Accelerator	角膜移植术
病毒	Accelerator	在3-15天
结膜的充血	X-Y	眼屎的增多
预防	Accelerator	多做眼保健操
白色的眼屎会比较多	Accelerator	病毒的感染
角膜没有自身的营养血管	Accelerator	修复起来会比较慢
视网膜中央动脉阻塞	X-Y	持续低流量吸氧
外伤	X-Y	角膜炎
眼结石	X-Y	摩擦感
巩膜炎	X-Y	硬化性角膜炎
流行性出血性结膜炎	X-Y	附近的淋巴结肿大
手术解决	Accelerator	视力可能也有很大的提高
一过性眼压升高	X-Y	保持良好的用眼习惯
用眼过度	X-Y	代偿性的充血
致病菌毒性强烈	Accelerator	睑腺炎
时间长了	Accelerator	角膜炎
存在斜视	Accelerator	及早矫正
实在闭合不了	Accelerator	晚上可以涂药膏
因角膜受伤而引起角膜混浊或者龟裂	Accelerator	无法矫正
视物变形	Accelerator	光动力学联合玻璃体腔内注射抗血管内皮细胞生长因子疗法
高度近视	X-Y	视网膜裂孔
中心性浆液性脉络膜视网膜病变	X-Y	促进疾病的恢复
不能适应	Accelerator	先配戴低度的矫正眼镜，慢慢适应之后再配高度的矫正眼镜
如果炎症得到控制	Accelerator	有自愈可能性
脱离范围比较小	X-Y	巩膜环扎术
轻度的干眼症	X-Y	眼部的干涩
细菌性角膜炎	X-Y	采用眼罩保护患眼
视网膜激光光凝术	X-Y	视网膜裂孔
角膜白斑	X-Y	角膜移植术
低度数	Accelerator	看近处需要摘掉眼镜
眼睑蜂窝织炎	X-Y	引起严重并发症
早期	Accelerator	延缓花眼的进展
视网膜浅脱离	X-Y	及早行手术治疗
高度近视	X-Y	避免剧烈活动
炎症	X-Y	外观上眼睛发红
散光	X-Y	视力提高到正常
近视	Accelerator	50岁左右
A是90度	Accelerator	逆规散光
晚上看远处的物体或者灯光的时候	Accelerator	出现簇状或者团状光圈
眼底出血	X-Y	玻璃体切割手术
睡前看手机和电脑	X-Y	眼睛肿
细菌性角膜炎	X-Y	很疼
早期	Accelerator	用药比较频
角膜炎恢复正常	X-Y	角膜云翳
角膜厚度足够厚	Accelerator	激光手术
糖尿病视网膜病变	X-Y	眼科积极治疗
长期流眼泪	X-Y	内囊摘除术
玻璃体积血	Accelerator	手术
眼底出血	X-Y	眼部的B超
瘢痕可以透见虹膜	Accelerator	角膜斑翳
视网膜色素上皮病变	X-Y	视力下降
变态反应性角膜炎	Accelerator	可以用糖皮质激素
感染，细菌或者病毒的感染	X-Y	结膜的充血
手术治疗	Accelerator	人工晶体植入术
四岁的儿童	Accelerator	出现眼部疲劳
白塞病性葡萄膜炎	X-Y	白内障的手术
度数消失	Accelerator	说明散光是由于晶状体的屈光状态异常导致
慢性期	Accelerator	异物感
早期	Accelerator	刺痛
睫状肌无力收缩	Accelerator	配戴凸透镜
不用药水	Accelerator	红肿和疼痛会严重
明显黄斑水肿	Accelerator	玻璃体内注射雷珠单抗、康柏西普
疼痛剧烈	Accelerator	睑皮炎
经过合理的治疗	Accelerator	不会形成角膜瘢痕
下眼皮肿胀、疼痛	X-Y	下眼睑过敏
高度近视	X-Y	视网膜病变
高度近视	X-Y	黄斑出血
脓性分泌物完全消失之后	Accelerator	泪道探通
有结膜炎	Accelerator	结膜炎的眼药水
睫状肌长时间的收缩、痉挛，会形成牵拉	Accelerator	假性度数形成
比较严重而又无法控制	Accelerator	角膜移植术
浅的瘢痕	Accelerator	角膜云翳
病毒性结膜炎	X-Y	更昔洛韦凝胶
流行性出血性结膜炎	X-Y	大量结膜滤泡
压痛、触痛明显	Accelerator	眼睑蜂窝织炎
根据患者的要求和经济状况	Accelerator	配单光
散光	X-Y	需要将散光配足
远视	X-Y	积极的弱视治疗和训练
血管的阻塞	Accelerator	激光的治疗
散光	X-Y	眼部疲劳
急性期	Accelerator	结膜充血明显
生理性的远视度数大约在100-125度左右	X-Y	老花镜的度数就是225-200度之间
早期	Accelerator	营养神经的药物
弱视	X-Y	恢复
睫状肌的调节作用	X-Y	晶状体变凸
质量比较低劣的隐形眼镜	X-Y	造成结膜炎、角膜炎或者角膜损伤并发症
睑板腺功能障碍	Accelerator	小牛血去蛋白提取物眼用凝胶
牵拉性的视网膜脱离	Accelerator	手术治疗
裂孔	Accelerator	及早行手术治疗
散光	uncorrelated	老花眼
动脉硬化	X-Y	视网膜中央静脉或分支静脉阻塞
外伤	X-Y	眼睑皮下出血点
孔源性视网膜脱离	X-Y	及早行玻璃体切割联合视网膜脱离复位手术
散光	X-Y	生理性的散光
擦拭眼睛有浅红色液体	Accelerator	流行性出血性结膜炎
视网膜中央动脉阻塞	X-Y	降眼压治疗
散光度数过高	Accelerator	先配戴低度的矫正眼镜，慢慢适应之后再配高度的矫正眼镜
早期	Accelerator	甲钴胺片
角膜溃疡穿孔或即将穿孔	Accelerator	治疗性角膜移植手术
黄斑的水肿	Accelerator	考虑眼睛注药来消水肿
病毒性角膜炎	X-Y	阿昔洛韦
高血压视网膜病变	X-Y	视网膜出血
圆锥角膜	X-Y	散光
外伤	Accelerator	针对这些原因进行局部的治疗
外伤	X-Y	泪道狭窄或阻塞
眼底出血	X-Y	治疗这些原发病
血压特别的高	Accelerator	眼底出血
老花眼	X-Y	阅读的时候喜欢把物体放在远一些
真菌性角膜炎	Accelerator	那他霉素滴眼剂
可以跟花眼抵消	Accelerator	看远看不清
年龄比较小	Accelerator	频繁眨眼
深层角膜溃疡后弹力层膨出者	Accelerator	绷带加压包扎
比如	Accelerator	醋酸泼尼松龙滴眼剂
视网膜分支静脉阻塞	X-Y	玻璃体腔的积血
角膜炎	X-Y	病情加重
高度近视	X-Y	注意合理的用眼习惯
老花眼	X-Y	施图伦滴眼液
老花眼	X-Y	减少长时间近距离用眼的机会
高血压	X-Y	结膜下出血
戴角膜镜	Accelerator	戴隐形眼镜
散光	X-Y	很难保证清晰的视觉质量和相对正常的视野
角膜炎	X-Y	严重影响视力
预防	Accelerator	闭目养神
白塞病葡萄膜炎	X-Y	眼红痛
激素类的眼药水	Accelerator	氟米龙滴眼剂
老视	X-Y	视镜需要降低相应的近视度数
沙眼	X-Y	眼部出现黏稠分泌物
细菌性角膜炎	X-Y	绷带加压包扎
角膜炎	X-Y	一周以内可以逐步的恢复
脓性分泌物完全消失之后	Accelerator	泪道冲洗
病变侵及了基质层	Accelerator	角膜炎治愈后会留下瘢痕
配戴眼镜时最佳的矫正视力	Accelerator	最佳的散光度数
糖尿病视网膜病变	X-Y	视物的变形
下眼皮肿胀疼痛	X-Y	眼眶疾病
眼底出血	X-Y	打针
无痛性视力突然下降	Accelerator	视网膜动脉或者静脉阻塞
配戴眼镜	Accelerator	不能让视力提高到正常
视网膜激光光凝术	X-Y	视力轻度的下降
眼底血管样条纹	X-Y	视力是正常
结膜炎	X-Y	选取合理的药物控制炎症
理疗按摩	uncorrelated	散光的度数下降
及早发现眼底问题、及早处理	Accelerator	避免严重并发症的出现
超高度近视	X-Y	避免剧烈运动
超高度近视	X-Y	及早发现问题，及早处理
眼底出血	X-Y	视网膜中央静脉或分支静脉阻塞
圆锥角膜	X-Y	高度散光
盘状角膜炎	X-Y	抗病毒的眼药水
视网膜的静脉阻塞	X-Y	激光治疗
全身性疾病	X-Y	眼睛充血
眼睛前面有小黑点或者条状飞絮	X-Y	散瞳眼底检查
少量出血	Accelerator	不需要特殊处理
角膜炎恢复正常	X-Y	角膜白斑
手术	Accelerator	封闭视网膜裂孔
黄色的分泌物比较多，特别是粘在眼皮上阻碍睁眼睛	Accelerator	细菌感染引起
过敏性结膜	X-Y	抗过敏的眼药水
散光	X-Y	视盘影像可呈纵的椭圆形，边缘稍微模糊
一期到三期	Accelerator	改善视网膜微循环的药物
视力明显降低	Accelerator	验光后佩戴框架镜矫正
人的眼球	X-Y	长轴的方向则称之为散光的轴向
剧烈活动	Accelerator	眼底视网膜脱落、视网膜裂孔的形成
早期	Accelerator	视力是正常
中心性浆液性脉络膜视网膜病变	X-Y	视力下降
眼睛下面有红点	X-Y	结膜血管瘤
长期流眼泪	X-Y	泪道疾病
眼底出血	X-Y	激光
看远和看近都不会有明显的症状	Accelerator	不用配戴眼镜
干眼症	X-Y	避免有焦虑的情绪
视网膜脱落	X-Y	封闭视网膜裂孔
突然视力下降	Accelerator	急性闭角型青光眼
沙眼	X-Y	畏光
睑板腺功能障碍	X-Y	养成良好的休息、睡眠好习惯
散光	X-Y	诊断为屈光参差
角膜的形态不规则	Accelerator	远视力下降
用眼时间一长	Accelerator	疲劳症状加重
好转	Accelerator	减少用药次数
一只眼睛散光严重	X-Y	两只眼睛物差过大
全身疾病	X-Y	眼底出血
近距离工作	Accelerator	视疲劳
老年性湿性黄斑变性	Accelerator	抗VEGF药物
散光	X-Y	高度散光
渐进性无痛性视力下降	Accelerator	慢性开角型青光眼
中度或者轻度的近视	X-Y	视力可以重新恢复正常
眼睛出现眼底出血	Accelerator	玻璃体切割手术
白塞病性葡萄膜炎	X-Y	全身的口服激素
继发于眼部的疾病	Accelerator	后天性
仅侵及角膜上皮层并没有侵犯基质层	Accelerator	角膜炎治愈以后，视力可以完全恢复正常
急性期	Accelerator	乳头增生
眼睛视力下降的原因	X-Y	葡萄膜炎
眼底血管样条纹	X-Y	暗点
细菌性角膜炎	X-Y	眼球充血
结膜炎	X-Y	检查明确病因
中老年的年龄段比较容易出现眼压高	Accelerator	到医院做检查
眼睛还在发生、发展	Accelerator	度数有可能会逐步降低
口服药物	uncorrelated	散光的度数下降
病情进一步的进展	X-Y	视力下降
佩戴隐形眼镜所导致的结膜的缺氧缺水	X-Y	代偿性的充血
年龄的增长	Accelerator	变得稍微大一点
眼睛充血	X-Y	排除有无青光眼
老年人	Accelerator	睑腺炎
弱视	X-Y	遮盖治疗
玻璃膜疣	X-Y	叶黄素
缓解眼部的疲劳	Accelerator	施图伦滴眼液
严重时	Accelerator	严重影响视力
盘状角膜炎	X-Y	眼睛疼痛
角膜炎	X-Y	细菌性角膜炎
原因有非常多	Accelerator	及早到正规医院做相关检查
儿童	Accelerator	弱视
全色盲	X-Y	怕光
揉眼	Accelerator	结膜水肿
视力仍然没有恢复	Accelerator	说明之前角膜炎症是比较严重
眼睑皮下出血点	X-Y	抗过敏的眼膏类药物
玻璃体切割手术	X-Y	观察一下
黄斑的新生血管	Accelerator	注射抗VEGF类的药物
细菌性角膜炎	X-Y	畏光
白塞病葡萄膜炎	X-Y	视力下降
散光	X-Y	及早的配戴眼镜
沙眼	X-Y	避免接触感染
长期近距离屏幕前工作	X-Y	总是流泪
治疗不当	Accelerator	对视力造成不可逆影响
病情进一步的进展	Accelerator	视野缺损
视网膜脱离	Accelerator	药物治疗
及早使用药物干预	Accelerator	角膜穿孔
多数情况	Accelerator	是一个横椭圆形
散瞳	X-Y	数日内眼睛怕光
抵抗力差	Accelerator	睑腺炎
白塞病性葡萄膜炎	X-Y	结膜下、球旁或Tenon囊下注射激素
眼睛视力下降的原因	X-Y	慢性开角型青光眼
裂纹或脉络膜新生血管累及了黄斑	Accelerator	视力下降
视网膜的浅脱离	X-Y	视网膜激光光凝术
病变累及黄斑区	Accelerator	视力就会严重的下降
视网膜脱落	X-Y	巩膜外垫压术
隐形眼镜的透气性非常差	Accelerator	不要戴隐形眼镜
严重的并发症	Accelerator	视力急剧的下降
急性期	Accelerator	全身的口服激素
睑板腺功能异常	X-Y	酸胀
近视力也会下降	Accelerator	严重
角膜厚度达不到要求	Accelerator	不适合手术
眼睛看东西模糊	X-Y	屈光不正
偏头疼	Accelerator	不要喝刺激性饮料
出血量非常大	Accelerator	玻璃体切割手术
眼底血管样条纹	X-Y	必要时要戴防护眼镜
皮肤的血管瘤	X-Y	激光
老花眼	X-Y	老视屈光手术
眼部疼痛	X-Y	局部炎症
度数	Accelerator	视力下降
红霉素眼药膏	X-Y	结膜炎
急性泪腺炎	X-Y	脓性分泌物
药物控制	Accelerator	角膜上皮一般会留有瘢痕
发烧	Accelerator	病毒感染
视神经疾病	X-Y	视野缺损
眼睛视力下降的原因	X-Y	眼内炎
老花眼	X-Y	需要看近处、看远处两幅眼镜
矫正后	Accelerator	头位异常可以消除
疼痛剧烈	Accelerator	眼睑蜂窝织炎
病毒性角膜炎	X-Y	分泌物多表现为水样
早期	Accelerator	定期观察眼底变化
结膜下有片状出血	Accelerator	结膜下出血
老花眼	X-Y	尽量避免长时间熬夜等不良的生活习惯
老花眼	X-Y	施于巩膜的老视矫正手术
玻璃体后脱离	X-Y	及早手术治疗
物理损伤	X-Y	角膜炎
出血吸收以后	Accelerator	早行视网膜激光光凝术
增加腹压	Accelerator	角膜穿孔
缺血、缺氧性的改变	Accelerator	眼底出血、渗出、新生血管形成
睫状肌调节疲劳	X-Y	视物模糊
老花眼	X-Y	佩戴花镜
高度近视	X-Y	视网膜脱离
长期流眼泪	X-Y	泪道狭窄
散光	X-Y	出现眼部疲劳
压痛、触痛明显	Accelerator	麦粒肿
儿童散光	X-Y	每半年左右到医院复查
干眼症	X-Y	人工泪液来缓解干涩的症状
局部炎症	X-Y	糖皮质激素对症治疗
巩膜环扎术	X-Y	环扎带暴露
睑板腺功能障碍	X-Y	睑板腺按摩
眼睛充血	X-Y	找出病因
视网膜色素上皮病变	X-Y	继发性青光眼
调节力下降	Accelerator	近视力下降
减慢其发展速度	Accelerator	补充硒元素或者含硒的食品
角膜炎	X-Y	病毒性角膜炎
手术治疗	X-Y	玻璃体切割手术
吸烟	Inhibitor	使用
眼底血管样条纹	X-Y	避免眼外伤以及剧烈的体育活动
老花眼	X-Y	屈光手术
原因	Accelerator	结核
病毒性角膜炎	X-Y	睑结膜上有一层比较容易拭去的假膜
沙眼	X-Y	全身及局部的药物治疗
眼底出血	X-Y	不需要冷敷
一过性	Accelerator	视网膜动脉痉挛
外出太阳光如果强烈	Accelerator	佩戴墨镜
感染引起	Accelerator	滴抗感染的眼药水
晶状体	X-Y	老花眼
泪道狭窄或阻塞	X-Y	泪道冲洗不通畅
外界和内源性的致病因素	X-Y	角膜炎
电光性眼炎	X-Y	乳酸左氧氟沙星滴眼液
盘状角膜炎	X-Y	氟米龙滴眼剂
玻璃膜疣	X-Y	避免强烈阳光刺激眼球
糖尿病性视网膜病变	X-Y	羟苯磺酸钙
轴向是180度	Accelerator	顺规横轴的散光
视野的缺损	Accelerator	OCT检查
近视	X-Y	避免眼部疲劳的发生
小儿角膜炎	X-Y	原因通常包括物理的损伤，先天性的异常，角膜变性，营养不良等
角膜炎	X-Y	短时间使用糖皮质激素滴眼液
眼底出血	X-Y	止血药
暴露性角膜炎	X-Y	角膜绷带镜
体质弱	Accelerator	睑腺炎
视网膜中央动脉阻塞	X-Y	一旦发现需要立刻治疗
偏白色的分泌物比较多	Accelerator	病毒性结膜炎
度数	Accelerator	带来的损害
屈光性白内障手术	Accelerator	价格在20000-30000元左右
阿米巴菌感染	X-Y	角膜炎
晶体脱位	X-Y	散光
脉络膜病变	Accelerator	打针
老花眼	X-Y	不用佩戴眼镜
眼睛发痒	X-Y	睑缘炎
眼睛分泌黄白色的分泌物	X-Y	病毒性结膜炎
小儿角膜炎	X-Y	频繁眨眼
早期	Accelerator	避免强烈阳光刺激眼球
病毒性	Accelerator	可以互相传染
角膜炎	X-Y	手术治疗
孔源性视网膜脱离	X-Y	玻璃体切割手术
实在闭合不了	Accelerator	戴湿房镜
弱视	X-Y	恢复的可能性就越大
度数比较高的近视	X-Y	避免严重并发症的出现
眼痒的症状会比较重	Accelerator	过敏性结膜炎
散光	X-Y	眼睛干涩
散瞳检查以后眼底没有发生病变	Accelerator	近视眼
病毒性角膜炎	X-Y	病程会比较长
睑板腺功能障碍	X-Y	平时注意锻炼身体
免疫因素	X-Y	角膜炎
流行性出血性结膜炎	X-Y	剧烈异物感
由于角膜的病变	Accelerator	检查角膜和虹膜
散光	X-Y	中度散光
视力仍然没有恢复	Accelerator	角膜白斑
视野缺损	X-Y	视力重新恢复
泪囊炎频繁发作	Accelerator	鼻腔泪囊吻合术
散光轴位	uncorrelated	散光的严重程度
疼痛剧烈	Accelerator	睑缘炎
三焦点人工晶体	Accelerator	同时维持远、中、近三种视力的要求
巩膜环扎术	X-Y	及早到医院检查
用眼方法	X-Y	老花眼
眼睛充血	X-Y	滴抗感染的眼药水
高度散光	Accelerator	手术难度增大
消除眼睛肿	X-Y	注意一些生活习惯的改善
视网膜中央动脉阻塞	X-Y	视力急剧的下降
闭角型青光眼	X-Y	前列腺素衍生物
老花	X-Y	闭目养神
球结膜下出血	X-Y	没有治疗的必要
白塞病	X-Y	视网膜血管炎
均无好转	Accelerator	自体的血清
散光	X-Y	不适合手术
非感染性	Accelerator	原因通常包括物理的损伤，先天性的异常，角膜变性，营养不良等
眼球突出	Accelerator	暴露性角膜炎
角膜炎	X-Y	对视力造成不可逆影响
卫生习惯不良	X-Y	沙眼
眼球外伤	X-Y	不规则散光
100度或200度左右的近视	Accelerator	看远看不清
泪膜稳定性下降	X-Y	总是流泪
闭角型青光眼	X-Y	解除瞳孔阻滞的手术
隐形眼镜	X-Y	角膜炎
黄斑水肿	Accelerator	眼内注药
糖尿病视网膜病变	X-Y	玻璃体内注射雷珠单抗、康柏西普
严重的白内障	X-Y	手术治疗
视网膜表面的新生血管	Accelerator	视网膜裂孔
散光	X-Y	术后效果也可能会受到影响
角膜炎	X-Y	恢复
眼部疼痛	Accelerator	术后感染
鼻炎	X-Y	角膜炎
血栓	Accelerator	活血通络的药物
角膜接触镜	Accelerator	提高视力
视网膜色素上皮病变	X-Y	不需要处理
眼底出血	X-Y	密切的随诊观察
没有累及角膜的基质层	Accelerator	视力是完全恢复正常
裂纹或脉络膜新生血管累及了黄斑	Accelerator	视力会下降到手动且不容易恢复
佩戴近视眼镜的这些人群	Accelerator	可以看清近的东西
角膜炎	X-Y	治愈的时间
眼底出血	X-Y	应用活血化瘀、促进血液吸收的药物
小儿角膜炎	X-Y	刺痛
闭角型青光眼	X-Y	解除小梁阻力的手术
暴露性角膜炎	X-Y	湿润的眼药水帮助眼表湿润
轻微的受损	Accelerator	可以逐步修复
眼底病变	X-Y	结合化疗
浸润区域出现了瘢痕增生	Accelerator	角膜白斑
急性期	Accelerator	糖皮质激素
先天性的色盲	X-Y	色盲眼镜
随着年龄增加，花镜的度数也在增加	Accelerator	每隔2-3年就需要重新验光配新的花镜
如果症状比较严重	Accelerator	色盲眼镜
老花眼	X-Y	100-200元左右
并发症	Accelerator	青光眼的手术
老花眼	X-Y	近视力下降
减慢其发展速度	Accelerator	科学验配老花镜
沙眼	X-Y	烧灼感
严重	Accelerator	黑眼球上有白色的病灶
黑眼球下的红点	Accelerator	球结膜下出血
老花眼	X-Y	眼睛的疲劳
加工工艺上的考量	Accelerator	散光眼镜的价格肯定比单纯近视眼镜
维生素A缺乏	X-Y	角结膜干燥
眼睑蜂窝织炎	X-Y	疼痛明显
超高度近视	X-Y	注意合理的用眼习惯
眼睑蜂窝织炎	X-Y	头痛
新生血管青光眼	Accelerator	眼睛剧痛
50度	Accelerator	不会对视力造成任何影响的
糖尿病视网膜病变	X-Y	控制血压、血脂
中心性浆液性脉络膜视网膜病变	X-Y	伴有中央相对暗区
因为长期使用药物	Accelerator	暂停药物的使用
视网膜色素上皮病变	X-Y	行激光治疗
不散大瞳孔	Accelerator	屈光力增加
久治不愈	Accelerator	手术治疗
光线不足	Accelerator	近距离阅读模糊会更为明显
湿性的黄斑变性	X-Y	眼底出血
年龄的增长	Accelerator	度数有可能会逐步降低
散光度数在2年内没有明显增长	Accelerator	激光手术治疗
葡萄膜炎	X-Y	继发性视网膜脱离
严重	Accelerator	视野的缺损
细菌性角膜炎	X-Y	粘连上下睑
细菌性	Accelerator	在3-15天
角膜形态不规则	Inhibitor	恢复正常
比如	Accelerator	妥布霉素地塞米松滴眼剂
斜轴散光	Accelerator	斜颈
清晰的视觉	Accelerator	避免出现明显的疲劳不适
糖尿病性视网膜病变	X-Y	玻璃体切割手术
用眼过度	Accelerator	眼睑痉挛
异物	X-Y	泪道狭窄或阻塞
散瞳以后散光度数消失	X-Y	假性近视
散光严重的程度	Accelerator	恢复
散光	X-Y	视力下降
糖尿病视网膜病变	X-Y	可能完全没有症状
糖尿病视网膜病变	X-Y	视力下降
视网膜血管堵塞	X-Y	视力不同程度的下降
深层角膜溃疡后弹力层膨出者	Accelerator	避免受到撞击
下眼皮肿胀、疼痛	X-Y	眼睑蜂窝织炎
感染源性	X-Y	角膜炎
预防老花眼	X-Y	经常热敷
圆锥角膜	Accelerator	度数会渐进性升高
形成了新生血管	Accelerator	眼部的胀痛
眼底出血	Accelerator	眼前的黑影飘动、烟雾感
角膜炎	X-Y	角膜溃疡
成年以后	Inhibitor	恢复
干眼症	X-Y	外观上眼睛发红
睑板腺功能障碍	Accelerator	人工泪液
红血丝	X-Y	细菌感染
玻璃体后脱离	X-Y	视力的下降
红霉素眼药膏	X-Y	肝脏和肾脏功能的损伤
使用污染的水源清洗面部	Accelerator	感染性因素
角膜屈光手术	Accelerator	飞秒激光手术
只累及角膜上皮层	Inhibitor	常规药物保守治疗
近视	X-Y	角膜接触镜
滴眼药水的动作要轻柔	Inhibitor	角膜穿孔
散光	X-Y	远视散光
戴角膜接触镜	Accelerator	角膜炎
感染的因素毒力比较强	Accelerator	角膜穿孔
眼结石	X-Y	睑板腺表面结膜
能看见眼前的物体，但是看远的视力相应就下降	Accelerator	做一只眼
八岁以前	Accelerator	度数会逐步减轻
25G或者27G的手术技术	Accelerator	不需要缝合
视网膜色素变性	X-Y	视力下降
疾病最早期	Accelerator	夜盲
长期血糖增高	X-Y	眼底出血、渗出、新生血管形成
睑缘肥厚	Accelerator	睑缘炎
看不到视网膜	Accelerator	眼部的B超
老花眼	X-Y	视疲劳
眼睛的老化	X-Y	老花眼
体抵抗力下降	Accelerator	细菌感染
免疫系统相关	Accelerator	边缘性角膜炎
紫外线	X-Y	电光性眼炎
暴露性角膜炎	X-Y	角膜的溃疡
视神经的病变	X-Y	视网膜病变
眼睛花、头痛	X-Y	明显的缓解眼睛疲劳
眼睑蜂窝织炎	X-Y	眼睑不能睁开
出现老花眼的年龄	X-Y	50岁左右
视网膜色素上皮病变	X-Y	玻璃膜疣
视野的缺损	X-Y	视野才可能一定程度的恢复
散光	X-Y	激光手术
真菌感染	Accelerator	真菌性角膜炎
老花眼	X-Y	避免接触电脑、手机等电子产品的时间过长
程度比较重	Accelerator	配戴老花镜
视神经的病变	X-Y	色觉的异常
老花眼和散光是两种不同的屈光状态	X-Y	需要分别处理
出血量不是很大	Accelerator	激光治疗
眼睛充血	X-Y	到正规医院及时治疗
长期观看手机、电视	Accelerator	睑板腺功能障碍
细菌感染	Accelerator	细菌性角膜炎
屈光不正	X-Y	内斜视
散光	X-Y	到眼镜店或者医院的配镜中心去定制
无痛性视力突然下降	Accelerator	缺血性视神经病变
中心暗点	Accelerator	激光治疗
视网膜血管堵塞	X-Y	眼前发暗
时间比较短	Accelerator	外路手术
视力仍然没有恢复	Accelerator	角膜云翳
内眼手术	X-Y	不规则散光
红血丝	X-Y	病毒的感染
闭角型青光眼	X-Y	青光眼白内障联合手术
形成了新生血管	Accelerator	头痛
早期	Accelerator	抗氧化剂
严重的视网膜出血	X-Y	玻璃体腔出血
散光	X-Y	眼部疲劳
小儿角膜炎	X-Y	强烈的疼痛症状
过度用眼	Accelerator	眼睑痉挛
散光	X-Y	角膜接触镜
慢性期	Accelerator	结膜充血减轻
早期	Accelerator	不需要处理
明显黄斑水肿	Accelerator	黄斑区格栅样光凝
视网膜血管堵塞	X-Y	视力会全部的下降
视物模糊	X-Y	病情耽误或者加重
睑板腺功能障碍	X-Y	睑缘涂上妥布霉素地塞米松眼膏
视网膜的疾病	X-Y	色觉的异常
视物变形	Accelerator	激光治疗
红霉素眼药膏	X-Y	对革兰氏阳性菌和衣原体有抗感染作用
视锥细胞中的光敏色素异常，或不全	X-Y	色盲
渗出性黄斑变性	X-Y	戴遮光眼镜
病情的严重程度	Accelerator	治愈的时间
白塞病性葡萄膜炎	X-Y	玻璃体腔内注射地塞米松的缓释物、曲安奈德等激素
闭角型青光眼	X-Y	建立房水外引流通道的手术
病毒性角膜炎	X-Y	大量的滤泡
早期	Accelerator	口服药物
老视的度数	X-Y	电脑验光得出来的度数
早期	Accelerator	角膜上皮一般会留有瘢痕
确定是散光	Accelerator	佩戴眼镜
血栓	Accelerator	结合理疗
手术以前一定要对眼睛进行详细的检查	Accelerator	角膜曲率
眼部疼痛	X-Y	青光眼
病毒性角膜炎	X-Y	眼睑红肿
晶体移位	X-Y	散光
糖尿病视网膜病变	X-Y	眼底出血
眼睑痉挛	X-Y	逐渐痊愈
出血之后没有积极的治疗	Accelerator	新生血管
角膜外伤性瘢痕	X-Y	散光
散光	X-Y	远视力下降
继发性视网膜脱离	X-Y	有自愈可能性
细菌性角膜炎	X-Y	眼睛局部开始变红
老视的症状	X-Y	阅读需要更强的照明度
其他一些疾病	X-Y	干眼症
睫状肌调节疲劳	X-Y	作息规律
选择合适的阅读距离	Accelerator	老花眼眼镜的验配
青光眼	X-Y	积极降眼压对症治疗
视网膜色素变性	X-Y	药物治疗
眼底的出血	X-Y	看东西会比较明亮
规则性散光	X-Y	圆柱镜矫正
验光显示有100度的远视	Accelerator	老花镜的度数就是225-200度之间
局部炎症	X-Y	到医院检查明确
糖尿病视网膜病变	X-Y	视力下降
散瞳以后散光度数消失	X-Y	视疲劳
角膜基质炎	X-Y	角膜移植术
看远了虽然看得清但是有些疲劳	Accelerator	配戴一副矫正远视的眼镜
睫状肌调节疲劳	X-Y	养成良好的用眼习惯
儿童	Accelerator	生理性的散光
眼睛出血	X-Y	结膜下出血
成人沙眼	X-Y	结膜瘢痕形成
角膜散光	Accelerator	对视力造成不可逆影响
规则散光	Accelerator	框架眼镜
反复发作的白塞氏病	Accelerator	英夫利西单抗
病毒性的鼻炎	X-Y	病毒性结膜炎
感染性因素	X-Y	角膜炎
生活所在地理位置	X-Y	老花眼
严重的并发症	Accelerator	及早手术治疗
老花眼	X-Y	可以做激光
高度近视	X-Y	激光手术
散光的原因	X-Y	光心偏离
细菌性角膜炎	X-Y	结膜囊内及内眦部常有黄白色的脓性分泌物
年龄	uncorrelated	散光
在视网膜的中心部位	Accelerator	有一个大黑点
红霉素眼药膏	X-Y	耐药性和抗药性
累及了黄斑区	Accelerator	玻璃体切割手术
远视力下降	Accelerator	严重
没有对视力造成任何的影响	Accelerator	不需要处理
老花眼	X-Y	看细小的字迹模糊
弱视	X-Y	不能让视力提高到正常
年龄增长	X-Y	老花眼
白塞病	X-Y	皮肤的损害
视网膜色素上皮病变	X-Y	定期观察眼底变化
老花眼	Accelerator	老花镜的验配
高度数	Accelerator	配戴合适的眼镜
干眼症	X-Y	坚持做眼部的保健按摩
视神经炎性病变	Accelerator	营养神经的药物
中心暗点	Accelerator	玻璃体腔内注射抗血管内皮细胞生长因子治疗
青少年	Accelerator	生理性的散光
年老体弱的人	Accelerator	白天也多用眼药膏
角膜炎	X-Y	视力造成严重的影响
存在散光	X-Y	明确具体散光类型以及散光度数
侵犯了基质层，但病变位于离瞳孔区很远的周边	Accelerator	角膜炎治愈以后，视力可以完全恢复正常
糖尿病视网膜病变	X-Y	改善视网膜微循环的药物
适当增加户外时间	X-Y	预防近视的发生、发展
手术矫正倒睫及睑内翻	X-Y	晚期沙眼瘢痕形成
湿性的黄斑变性	X-Y	影响视力
干眼症	X-Y	坚持良好的用眼习惯
角膜的损伤	Accelerator	角膜炎
流行性出血性结膜炎	X-Y	畏光
视网膜血管堵塞	X-Y	眼内注射雷珠单抗注射液或者曲安奈德注射液
散光	X-Y	配戴眼镜
年老体弱	Accelerator	全身的抗菌和抗病毒的治疗
麦粒肿	X-Y	红肿和疼痛会严重
盘状角膜炎	X-Y	醋酸泼尼松龙滴眼剂
真菌角膜炎	X-Y	角膜部位瘙痒、红肿、充血
白塞病葡萄膜炎	X-Y	畏光
真菌性角膜炎	Inhibitor	激素
总是流泪	X-Y	睑板腺功能异常
闭角型青光眼	X-Y	碳酸酐酶抑制剂
戴上眼镜	X-Y	近视的速度会变的很慢
眼底出血	X-Y	不需要口服药物
角膜炎	X-Y	治疗性角膜移植手术
获得性的散光	Accelerator	常规的矫正方法有时候很难把视力提高到正常
病毒性结膜炎	X-Y	阿昔洛韦眼药水
角膜炎	X-Y	那他霉素滴眼剂
不会对视力造成影响	Accelerator	不需要处理
急性高血压	X-Y	高血压眼底出血
散光	X-Y	头位异常可以消除
散光的度数不会太大	Accelerator	屈光手术治疗
弱视	X-Y	弱视训练
眼睛花、头痛	X-Y	不要吃辛辣刺激食物
细菌感染引起	X-Y	托百士药水
休息不好	Accelerator	眼睑痉挛
轻度的散光	X-Y	需要配戴眼镜
怎么治疗	Accelerator	明确散光和近视是多少度
眼睛看东西模糊	X-Y	睫状肌调节疲劳
角膜厚度不足	Accelerator	有晶体眼的人工晶体植入术
眼底病变	X-Y	手术
角膜炎	X-Y	角膜移植术
预防老花眼	X-Y	佩戴墨镜
角膜炎	X-Y	促角膜修复的药物
合并无灌注区	Accelerator	激光的治疗
眼睛同时存在这两种情况	Accelerator	需要分别处理
高度数	Accelerator	弱视
红绿色盲	X-Y	色盲检查表
散光加近视	X-Y	准分子激光手术
糖尿病性以及高血压性的视网膜病变	Accelerator	口服药物
细菌性角膜溃疡愈合后	Accelerator	可以用糖皮质激素
视网膜近视性改变	X-Y	视网膜裂孔
打喷嚏	X-Y	结膜下出血
避免眼部疲劳的发生	X-Y	让近视度数长的更慢一些
散光	X-Y	斜颈
脏手揉眼	Accelerator	感染性因素
凸透镜做成	Accelerator	看近距离物品时有放大效果
黑眼球内部出血	Accelerator	前房出血
散光的度数	X-Y	变得稍微大一点
视网变性	X-Y	有裂孔的视网膜脱离
视网膜血管堵塞	X-Y	视物模糊
准确验光再配戴眼镜	Inhibitor	视物变形
通过鼻泪管进入结膜	Accelerator	细菌性角膜炎
细菌感染	Accelerator	早选取敏感的抗生素药物
与他人混用脸盆和毛巾	Accelerator	感染性因素
自发性	X-Y	结膜下出血
突然增加比较多	Accelerator	眼底的病变
戴眼镜矫正后，如果头疼、恶心的情况缓解	Accelerator	近距离用眼一定需要配戴眼镜
脱离范围比较小	Accelerator	巩膜外垫压术
睑板腺功能障碍	X-Y	配合局部热敷
急性期	Accelerator	较多的黏液或黏液脓性分泌物
获得性的散光	Accelerator	角膜移植术
近视	X-Y	角膜激光矫正术
幼儿	Accelerator	自行缓解
角膜炎	X-Y	不会形成角膜瘢痕
角膜炎	X-Y	角膜变薄甚至穿孔
造成了虹膜炎	Accelerator	引起眼球剧烈的疼痛
玻璃体后脱离	X-Y	不需要处理
严重	Accelerator	新生血管性青光眼
肿瘤	X-Y	泪道狭窄或阻塞
散光加近视	X-Y	明确散光和近视是多少度
老花镜	X-Y	看近距离物品时有放大效果
糖尿病视网膜病变	X-Y	观察
眼内炎	X-Y	造成眼球的摘除
沙眼	X-Y	畏光
急性期	Accelerator	上下穹窿部结膜布满滤泡
角膜炎	X-Y	不要戴隐形眼镜
角膜的曲率不对等	X-Y	角膜形态不规则
远视	X-Y	及早矫正
盘状角膜炎	X-Y	角膜基质中出现圆盘状的浑浊、水肿
一只眼睛散光严重	X-Y	弱视
眼底出血	X-Y	进行详细的眼底检查
近视	X-Y	注意合理的用眼习惯
睫状肌过度收缩和相应的过度集合	Accelerator	视觉疲劳
干眼症	X-Y	可能自愈
结膜炎	X-Y	早选取敏感的抗生素药物
糖尿病视网膜病变	X-Y	抗VEGF
大量分泌物时	Accelerator	结膜炎
视力基本正常	Accelerator	不用戴镜
角膜炎	X-Y	减少用药次数
人的眼球	X-Y	竖椭圆形
角膜白斑	Accelerator	视力造成严重的影响
沙眼	X-Y	结膜充血明显
眼底出血	X-Y	激光的治疗
高血压	Accelerator	眼底出血
准分子激光手术	Accelerator	价格在5000-8000元
散光	uncorrelated	防蓝光眼镜
角膜炎	X-Y	激素
视网膜色素变性	X-Y	血管扩张剂
散光的原因	X-Y	在白内障发生发展的过程中，出现晶状体屈光状态的改变
眼睛视力下降的原因	X-Y	缺血性视神经病变
随着孩子年龄增长	Accelerator	散光有可能逐步消失并恢复正常
丝状角膜炎	X-Y	短期的使用抗生素的药物
眼底出血	X-Y	糖尿病性视网膜病变
闭角型青光眼	X-Y	拟副交感神经兴奋药
早期	Accelerator	多吃绿色蔬菜
软性渗出	Accelerator	激光光凝术
对视力造成的影响比较严重	Accelerator	穿透性角膜移植术
皮肤的血管瘤	X-Y	观察
眼睛看东西模糊	X-Y	眼底病变
1-2个月以后视网膜玻璃体出血仍然没有消失掉	Accelerator	做手术
常用的	Accelerator	更昔洛韦滴眼剂
使焦点后移	Accelerator	矫正近视
圆锥角膜	X-Y	角膜移植术
伴有眼部胀痛	Accelerator	急性闭角型青光眼
孩子老是眨眼睛	X-Y	人工泪液
感染性	Accelerator	由于细菌、病毒、真菌、立克次体及阿米巴原虫等感染引起
眼睛红	X-Y	结膜下出血
另外一条子午线上形成的焦点落在视网膜之后	Accelerator	远视散光
感染，细菌或者病毒的感染	Accelerator	结膜的充血
没有累及角膜的基质层	Accelerator	不会形成角膜瘢痕
眼睛出血	X-Y	视网膜出血
睑板腺功能异常	X-Y	异物感
脓性分泌物比较多	Accelerator	细菌感染
散光	X-Y	视物变形
真菌角膜炎	Accelerator	1个星期左右
圆锥角膜	X-Y	提高视力
眼部疲劳	Accelerator	医院验光
老花镜的验配	Accelerator	明显的缓解眼睛疲劳
肿瘤性	Accelerator	手术切除
近视	X-Y	晶体植入手术
视网膜近视性改变	X-Y	注意合理的用眼习惯
视网膜	X-Y	可以逐步修复
色盲	X-Y	隔代遗传
角膜炎	X-Y	常规药物保守治疗
病情得不到有效的控制	Accelerator	造成眼球的摘除
逆规散光	Accelerator	需要将散光配足
配戴老花镜	X-Y	配渐进多焦点老花镜
高度近视	X-Y	有晶体眼的人工晶体植入术
老花眼	X-Y	价格在20000-30000元左右
效果不好	Accelerator	热敷
原因	Accelerator	单纯疱疹病毒
周边视网膜变性	X-Y	视网膜脱离
长期使用	Accelerator	肝脏和肾脏功能的损伤
黄斑水肿	Accelerator	抗VEGF
调节力下降	Accelerator	阅读的时候喜欢把物体放在远一些
单纯的玻璃体混浊	X-Y	不需要特别的治疗
微血管瘤	Accelerator	羟苯磺酸钙
麦粒肿	X-Y	托百士药水
长期流眼泪	X-Y	抗感染对症治疗
色盲	X-Y	视力和视野方面一般并没有太大的异常
小片状出血	Accelerator	羟苯磺酸钙
患者畏光强烈	Accelerator	配戴深色眼镜
眼底出血	X-Y	视网膜激光光凝术
后天疾病	Accelerator	散光
眼结石	X-Y	切除
角膜炎	X-Y	用予中药治疗
度数过高	Accelerator	不适合手术
父母任意一方患有散光	X-Y	儿童及青少年散光检出率
具有传染性	Accelerator	避免接触感染
口服卵磷脂络合碘片	Accelerator	促进疾病的恢复
散光的度数	Accelerator	制定最准确的方案
细菌性角膜炎	X-Y	眼分泌物变多
白塞病性葡萄膜炎	X-Y	睫状肌的麻痹剂
老视	X-Y	佩戴老花镜
渗漏点在黄斑区比较靠外的地区	Accelerator	视网膜激光光凝
眼底的出血	X-Y	手术解决
病毒的感染	X-Y	病毒性角膜炎
黄斑牵拉综合征	Accelerator	及早处理
疾病治疗控制住	Accelerator	视野才可能一定程度的恢复
糖尿病视网膜病变	X-Y	眼睛的剧痛
视疲劳	X-Y	外观上眼睛发红
注意休息	Accelerator	逐渐痊愈
治疗不及时	Accelerator	眼球萎缩
白塞病性葡萄膜炎	X-Y	快速地控制眼部的炎症
散光	X-Y	串珠子训练对于散光是没有任何治疗的作用
眼底出血	X-Y	眼底造影
度数比较大	Accelerator	到正规医院做检查
散瞳以后，孩子的散光度数非常大	Accelerator	需要配戴眼镜
散光	X-Y	框架眼镜
视网膜色素变性	X-Y	夜盲
高度不对称的散光	Accelerator	头部倾斜
注意合理的用眼习惯	X-Y	防止近视的度数进一步增高
孔源性的视网膜脱离	X-Y	立刻治疗
干眼症	X-Y	间断的休息
黄斑水肿	Accelerator	视力下降
远视和弱视	X-Y	眼睛的低屈光力状态或者是矫正视力低于正常
青少年	Accelerator	散瞳验光
散光	X-Y	常规的矫正方法有时候很难把视力提高到正常
散光的手术原则	X-Y	必须年满18周岁
康复训练	uncorrelated	散光的度数下降
结膜炎	X-Y	不遗留后遗症
牵拉黄斑或者视网膜	Inhibitor	不需要处理
对于抗生素的治疗是不敏感的	Inhibitor	手术治疗
青光眼	X-Y	视网膜病变
沙眼性角膜血管翳	X-Y	沙眼
手术解决	Accelerator	看东西会比较明亮
探通术不管用	Accelerator	泪道置管
轻度的散光	X-Y	散光有可能逐步消失并恢复正常
角膜或晶状体曲率的异常改变	Accelerator	检眼镜不能看清楚眼底
糖尿病	X-Y	视网膜中央静脉或分支静脉阻塞
眼睛逐步出现环扎带暴露	Accelerator	及早到医院检查
小儿角膜炎	X-Y	会揉眼
病情比较重	Accelerator	时间有可能会持续数月之久
12岁以下	Accelerator	睫状肌麻痹剂来散瞳
盲目治疗	Accelerator	病情耽误或者加重
三期末到四期	Accelerator	全视网膜光凝治疗
促进血液吸收	Accelerator	应用活血化瘀、促进血液吸收的药物
视力下降	X-Y	病情耽误或者加重
真菌感染	X-Y	角膜炎
高度近视	X-Y	视网膜色素紊乱
红霉素眼药膏	X-Y	大环内酯类药物
角膜基质炎	X-Y	糖皮质激素
老视的度数	X-Y	生理性的远视度数
如果要选择佩戴隐形眼镜	Accelerator	到眼镜店或者医院的配镜中心去定制
眼睛花、头痛	X-Y	不要喝刺激性饮料
小朋友	Accelerator	白天也多用眼药膏
治疗恢复正常	Accelerator	不遗留后遗症
加上同年龄正视眼老花度数	Accelerator	初步确定近用度数
手术以后	Accelerator	视力轻度的下降
急性期	Accelerator	激素滴眼液
超过200度	Accelerator	高度散光
散光患者	X-Y	角膜激光手术
一只眼睛散光严重	X-Y	两只眼睛视力发育不平衡
眼部神经受压	X-Y	眼睛跳
重度的非增殖期糖尿病视网膜病变	X-Y	激光干预
散光	X-Y	考虑有没有圆锥角膜的可能性
老花眼	X-Y	每隔2-3年就需要重新验光配新的花镜
晶状体	X-Y	弹性就逐渐减弱
角膜炎	X-Y	两性霉素B
青光眼	X-Y	积极降眼压对症治疗
不能透见虹膜	Accelerator	角膜白斑
视网膜色素上皮病变	X-Y	视网膜脱离
用眼时间一长	Accelerator	眼睛干涩
眼睛看东西模糊	X-Y	严重的干眼
眼底出血	X-Y	手术费用一般会在20000-30000元之间
黑眼球下的红点	Accelerator	结膜血管瘤
眼部不小心受到外伤	Accelerator	感染性因素
严重时	Accelerator	角膜变薄甚至穿孔
晶体屈光度没有发生改变	Accelerator	近处物体就会看不清
眼睛流血	Accelerator	缝合处理
近视患者	X-Y	散瞳验光
近视	Accelerator	看近处需要摘掉眼镜
视网膜脱落	X-Y	外路手术
选择的材料	Accelerator	具体的价格
视网膜近视性改变	X-Y	黄斑劈裂
治疗不及时	Accelerator	视力丧失
深层角膜溃疡后弹力层膨出者	Accelerator	必要时应用降眼压药的药物
糖尿病性视网膜病变	X-Y	视网膜裂孔
一过性眼压升高	X-Y	症状会自行好转
眼外伤	X-Y	眼底出血
外伤	Accelerator	弄清楚外伤的原因
孔源性的视网膜脱离	X-Y	脱离的范围会越来越大
视网膜静脉阻塞	X-Y	眼底出血
糖尿病性眼底病变	X-Y	牵拉性视网膜脱离
凹透镜	X-Y	矫正近视
视网膜大动脉瘤破裂	X-Y	玻璃体腔出血
预防老花眼	X-Y	尽量避免长时间近距离用眼
巩膜环扎术	X-Y	很少出现排斥反应
存在手术指征	Accelerator	玻璃体切割手术
散光	X-Y	角膜接触镜
正常情况下	Accelerator	不会超过200-300度
电光性眼炎	X-Y	闭眼休息
沙眼	X-Y	结膜充血
指继发于角膜的疾病	Accelerator	获得性的散光
个人体质	X-Y	老花眼
眼睛充血	X-Y	针对角膜炎进行治疗
高度的散光	Accelerator	首选角膜接触镜
配戴眼镜	Accelerator	视力提高到正常
压痛、触痛明显	Accelerator	睑缘炎
眼底出血	X-Y	注意患者的静养
自身免疫性全身疾病	X-Y	角膜炎
戴角膜镜	Accelerator	针对这些原因进行局部的治疗
炎症控制六个月之后	Accelerator	白内障的手术
原因	Accelerator	带状疱疹病毒
下眼皮肿胀、疼痛	X-Y	睑皮炎
眼睛发痒	X-Y	过敏性结膜炎
揉眼	Accelerator	眼角红痒
角膜炎	X-Y	针对这些原因进行局部的治疗
白塞病	X-Y	复发性的口腔溃疡
偏头疼	Accelerator	保证充足睡眠
验光以后，显示眼睛存在250度的散光	Accelerator	出现眼部疲劳
配戴老花镜	X-Y	严格的医学验光
每一种疾病治疗的方案和预后都是不一样的	Accelerator	病情耽误或者加重
度数比较高的近视	X-Y	定期做眼底检查
高血压	X-Y	视网膜中央静脉或分支静脉阻塞
角膜炎	X-Y	睫状肌麻痹剂
白塞病	X-Y	影响全身多器官
沙眼	X-Y	及早选取敏感药物控制
在视网膜的中心部位	Accelerator	看东西变大、变小
熬夜	Inhibitor	使用
局部血管的炎性病变	Accelerator	活血通络的药物
沙眼	X-Y	眼睑红肿
单纯的玻璃体混浊	X-Y	及时做散瞳检查
短期	Accelerator	视力轻度的下降
抗病毒的滴眼剂	Accelerator	阿昔洛韦滴眼剂
框架眼镜	Accelerator	轴位的准确性比较好
老花眼	X-Y	手术以后视觉质量通常都非常好的
眼底病变	X-Y	原发病进行积极治疗
远视	X-Y	不用配戴眼镜
与玻璃膜疣相关	Accelerator	低视力康复治疗
老花眼做激光	X-Y	做一只眼
近距离工作	Accelerator	头痛、头晕
角膜炎	X-Y	可以互相传染
不能够自行吸收	Accelerator	保守观察1-2个礼拜左右
范围小，呈现点状	Accelerator	局部结膜下小毛细血管扩张出血
戴上眼镜	X-Y	看东西的时候一点都不费力
必须年满18周岁	Accelerator	激光手术治疗
一只眼睛散光严重	X-Y	斜视
散光	X-Y	不需要处理
